policy_ministry,ministry,bureau,division,section,office,team,unit,source
こども家庭庁,こども家庭庁,成育局,,保育政策課,,,,data
こども家庭庁,こども家庭庁,成育局,,保育政策課,公定価格担当室,,,data
こども家庭庁,こども家庭庁,成育局,,保育政策課,認可外保育施設担当室,,,data
こども家庭庁,こども家庭庁,成育局,,参事官(事業調整担当),,,,data
こども家庭庁,こども家庭庁,成育局,,安全対策課,,,,data
こども家庭庁,こども家庭庁,成育局,,成育基盤企画課,,,,data
こども家庭庁,こども家庭庁,成育局,,成育環境課,,,,data
こども家庭庁,こども家庭庁,成育局,,成育環境課,児童手当管理室,,,data
こども家庭庁,こども家庭庁,成育局,,母子保健課,,,,data
こども家庭庁,こども家庭庁,成育局,,総務課,,,,data
こども家庭庁,こども家庭庁,支援局,,家庭福祉課,,,,data
こども家庭庁,こども家庭庁,支援局,,家庭福祉課,ひとり親家庭等支援室,,,data
こども家庭庁,こども家庭庁,支援局,,総務課,,,,data
こども家庭庁,こども家庭庁,支援局,,虐待防止対策課,,,,data
こども家庭庁,こども家庭庁,支援局,,虐待防止対策課,,,保護者指導係,data
こども家庭庁,こども家庭庁,支援局,,虐待防止対策課,,,調整係,data
こども家庭庁,こども家庭庁,支援局,,障害児支援課,,,,data
こども家庭庁,こども家庭庁,支援局,,障害児支援課,,,障害児支援係,data
こども家庭庁,こども家庭庁,長官官房,,参事官(会計担当),,,,data
こども家庭庁,こども家庭庁,長官官房,,参事官(総合政策担当),,,,data
こども家庭庁,こども家庭庁,長官官房,,総務課,,,,data
こども家庭庁,こども家庭庁,長官官房,,総務課,,,企画係,data
こども家庭庁,こども家庭庁,長官官房,,総務課,,,広報・報道係,data
こども家庭庁,こども家庭庁,長官官房,,総務課,,,総務係,data
カジノ管理委員会,カジノ管理委員会,事務局,監督調査部,監督総括課,,,,data
デジタル庁,デジタル庁,デジタル社会共通機能,,,トラスト担当トラスト班,,,data
デジタル庁,デジタル庁,デジタル社会共通機能,,,トラスト担当政府認証基盤(GPKI)班,,,data
デジタル庁,デジタル庁,デジタル社会共通機能,,,マイナンバー制度・公的個人認証法担当,,,data
デジタル庁,デジタル庁,デジタル社会共通機能,,,情報連携基盤担当JーLIS班,,,data
デジタル庁,デジタル庁,デジタル社会共通機能,,,情報連携基盤担当NWS班,,,data
デジタル庁,デジタル庁,デジタル社会共通機能,,,預貯金二法担当,,,data
デジタル庁,デジタル庁,デジタル社会共通機能,,(旧)基準・標準担当,,ベースレジストリ班,,data
デジタル庁,デジタル庁,デジタル社会共通機能,,ベース・レジストリ担当,,,,data
デジタル庁,デジタル庁,デジタル社会共通機能,,情報連携基盤刷新担当情報連携基盤刷新班,,,,data
デジタル庁,デジタル庁,デジタル社会共通機能,,情報連携基盤刷新担当窓口DX推進チーム,,,,data
デジタル庁,デジタル庁,国民向けサービス,,,GビズID班,,,data
デジタル庁,デジタル庁,国民向けサービス,,,Jグランツ班,,,data
デジタル庁,デジタル庁,国民向けサービス,,,OSS班,,,data
デジタル庁,デジタル庁,国民向けサービス,,,VisitJapanWeb班,,,data
デジタル庁,デジタル庁,国民向けサービス,,,eーGov班,,,data
デジタル庁,デジタル庁,国民向けサービス,,,カード自治体利用推進班,,,data
デジタル庁,デジタル庁,国民向けサービス,,,スマホ搭載班,,,data
デジタル庁,デジタル庁,国民向けサービス,,,デジタル認証アプリ班,,,data
デジタル庁,デジタル庁,国民向けサービス,,,データ戦略・企業間取引班,,,data
デジタル庁,デジタル庁,国民向けサービス,,,フロントサービスAPI基盤班,,,data
デジタル庁,デジタル庁,国民向けサービス,,,マイナポータル班,,,data
デジタル庁,デジタル庁,国民向けサービス,,,マイナンバーカード・OSS総括,,,data
デジタル庁,デジタル庁,国民向けサービス,,,マイナンバーカード広報班,,,data
デジタル庁,デジタル庁,国民向けサービス,,,事業者手続システム整理,,,data
デジタル庁,デジタル庁,国民向けサービス,,,国家資格デジタル化班,,,data
デジタル庁,デジタル庁,国民向けサービス,,,省庁統一ウェブサイト班,,,data
デジタル庁,デジタル庁,国民向けサービス,,,電子契約システム(工事・業務)班,,,data
デジタル庁,デジタル庁,国民向けサービス,,,電子調達システム/調達ポータル班,,,data
デジタル庁,デジタル庁,国民向けサービス,,デジタル推進委員班,,,,data
デジタル庁,デジタル庁,国民向けサービス,,新地方創生班,,,,data
デジタル庁,デジタル庁,国民向けサービス,,準公共・相互連携担当,,,,data
デジタル庁,デジタル庁,国民向けサービス,,準公共・相互連携担当,,モビリティ班,,data
デジタル庁,デジタル庁,国民向けサービス,,準公共・相互連携担当,,健康・医療班,,data
デジタル庁,デジタル庁,国民向けサービス,,準公共・相互連携担当,,防災班,,data
デジタル庁,デジタル庁,戦略・組織,,AI担当,,,,data
デジタル庁,デジタル庁,戦略・組織,,セキュリティ危機管理担当,,,,data
デジタル庁,デジタル庁,戦略・組織,,セキュリティ危機管理担当,,インシデント対応総括班,,data
デジタル庁,デジタル庁,戦略・組織,,デジタル改革企画2:法制・制度担当,,,,data
デジタル庁,デジタル庁,戦略・組織,,人事担当,インナーコミュニケーション班,,,data
デジタル庁,デジタル庁,戦略・組織,,人事担当,各省向け人材育成班,,,data
デジタル庁,デジタル庁,戦略・組織,,会計担当,,,,data
デジタル庁,デジタル庁,戦略・組織,,広報・コミュニケーション担当,,広報総括班,,data
デジタル庁,デジタル庁,戦略・組織,,戦略企画担当,,,,data
デジタル庁,デジタル庁,戦略・組織,,政府DX担当,,,,data
デジタル庁,デジタル庁,戦略・組織,,調達支援・改革担当,,,,data
デジタル庁,デジタル庁,省庁業務サービス,,GIMA担当,,,,data
デジタル庁,デジタル庁,省庁業務サービス,,eーLAWS/共通情報検索システム担当,,,,data
デジタル庁,デジタル庁,省庁業務サービス,,ガバメントクラウド担当,,,,data
デジタル庁,デジタル庁,省庁業務サービス,,ガバメントソリューションサービス担当,,,,data
デジタル庁,デジタル庁,省庁業務サービス,,人事・給与関係業務情報システム担当,,,,data
デジタル庁,デジタル庁,省庁業務サービス,,国家公務員身分証共通発行管理システム担当,,,,data
デジタル庁,デジタル庁,省庁業務サービス,,情報システム担当,,,,data
デジタル庁,デジタル庁,省庁業務サービス,,政府のAI調達・利活用ルール形成担当,,,,data
デジタル庁,デジタル庁,省庁業務サービス,,政府共通ネットワーク担当,,,,data
デジタル庁,デジタル庁,省庁業務サービス,,政府共通プラットフォーム担当,,,,data
デジタル庁,デジタル庁,省庁業務サービス,,政府共通決済基盤担当,,,,data
デジタル庁,デジタル庁,省庁業務サービス,,旅費等内部管理業務共通システム担当,,,,data
デジタル庁,デジタル庁,省庁業務サービス,,登記関係システム・業務DX担当,,,,data
デジタル庁,デジタル庁,省庁業務サービス,,総合運用・監視システム/常時リスク診断・対処システム,,,,data
デジタル庁,デジタル庁,省庁業務サービス,,総括担当,,,,data
デジタル庁,デジタル庁,省庁業務サービス,,職員ID基盤担当,,,,data
デジタル庁,デジタル庁,省庁業務サービス,,電子決裁システム担当,,,,data
個人情報保護委員会,個人情報保護委員会,事務局,,参事官(個人情報),,,,data
個人情報保護委員会,個人情報保護委員会,事務局,,総務課,,,,data
公正取引委員会,公正取引委員会,,,,,,事務総局官房/国際課,data
公正取引委員会,公正取引委員会,,,,,,事務総局官房/総務課,data
公正取引委員会,公正取引委員会,,,,,,事務総局審査局/管理企画課,data
公正取引委員会,公正取引委員会,,,,,,事務総局経済取引局/企業結合課,data
公正取引委員会,公正取引委員会,,,,,,事務総局経済取引局/調整課,data
公正取引委員会,公正取引委員会,,,,,,事務総局経済取引局取引部/企業取引課,data
公正取引委員会,公正取引委員会,,,,,,事務総局経済取引局取引部/企業取引課下請取引調査室,data
公正取引委員会,公正取引委員会,,,,,,事務総局経済取引局取引部/取引企画課,data
公正取引委員会,公正取引委員会,,,,,総務課デジタル市場企画調査室,事務総局経済取引局//,data
内閣官房,内閣官房,内閣サイバーセキュリティセンター,,,,,,data
内閣官房,内閣官房,内閣人事局,,,,,,data
内閣官房,内閣官房,内閣感染症危機管理統括庁,,,,,,data
内閣官房,内閣官房,副長官補付,,ギャンブル等依存症対策推進本部事務局,,,,data
内閣官房,内閣官房,副長官補付,,健康・医療戦略室,,,,data
内閣官房,内閣官房,副長官補付,,別室,,,,data
内閣官房,内閣官房,副長官補付,,国土強靭化推進室,,,,data
内閣官房,内閣官房,副長官補付,,国際博覧会推進本部事務局,,,,data
内閣官房,内閣官房,副長官補付,,地理空間情報活用推進室,,,,data
内閣官房,内閣官房,副長官補付,,孤独・孤立対策担当室,,,,data
内閣官房,内閣官房,副長官補付,,拉致問題対策本部事務局,,,,data
内閣官房,内閣官房,副長官補付,,新しい地方経済・生活環境創生本部事務局,,,,data
内閣官房,内閣官房,副長官補付,,水循環政策本部事務局,,,,data
内閣官房,内閣官房,副長官補付,,特定複合観光施設区域整備推進室,,,,data
内閣官房,内閣官房,副長官補付,,産業遺産の世界遺産登録推進室担当,,,,data
内閣官房,内閣官房,副長官補付,,船舶活用医療推進本部設立準備室,,,,data
内閣官房,内閣官房,副長官補付,,領土・主権対策企画調整室,,,,data
内閣官房,内閣官房,副長官補付(事態),,,,,,data
内閣官房,内閣官房,室,,室2,,,,data
内閣官房,内閣官房,広報室,,,,,,data
内閣府,内閣府,健康・医療戦略推進事務局,,,,,,data
内閣府,内閣府,公益認定等委員会,事務局,,,,,data
内閣府,内閣府,北方対策本部,,,,,,data
内閣府,内閣府,北方対策本部,,参事官,,,総務係,data
内閣府,内閣府,国際平和協力本部,事務局,参事官,,,,data
内閣府,内閣府,地方創生推進事務局,,,,,,data
内閣府,内閣府,地方創生推進事務局,,参事官(地域再生担当),,,,data
内閣府,内閣府,大臣官房,,アイヌ施策推進室,,,,data
内閣府,内閣府,大臣官房,,会計課,,,営繕係,data
内閣府,内閣府,大臣官房,,公文書管理課,,,,data
内閣府,内閣府,大臣官房,,拉致被害者等支援担当室,,,,data
内閣府,内閣府,大臣官房,,政府広報室,,,,data
内閣府,内閣府,大臣官房,,遺棄化学兵器処理担当室,,,,data
内閣府,内閣府,宇宙開発戦略推進事務局,,,,,,data
内閣府,内閣府,官民人材交流センター,,総務課,,,,data
内閣府,内閣府,政策統括官(共生・共助担当),,参事官(交通安全対策担当),,,,data
内閣府,内閣府,政策統括官(共生・共助担当),,参事官(総合調整担当),,,,data
内閣府,内閣府,政策統括官(共生・共助担当),,参事官(障害者施策担当),,,,data
内閣府,内閣府,政策統括官(共生・共助担当),,参事官(青年国際交流担当),,,,data
内閣府,内閣府,政策統括官(共生・共助担当),,参事官(高齢社会対策担当),,,,data
内閣府,内閣府,政策統括官(共生・共助担当),,政策統括官(共生・共助担当)休眠預金等活用担当室,,,,data
内閣府,内閣府,政策統括官(共生・共助担当),,政策統括官(共生・共助担当)参事官(共助社会づくり推進担当),,,,data
内閣府,内閣府,政策統括官(原子力防災担当),,参事官(企画・国際担当),,,,data
内閣府,内閣府,政策統括官(原子力防災担当),,参事官(総合調整・訓練担当),,,,data
内閣府,内閣府,政策統括官(原子力防災担当),,参事官(総括担当),,,,data
内閣府,内閣府,政策統括官(沖縄政策担当),,参事官(企画担当),,,,data
内閣府,内閣府,政策統括官(沖縄政策担当),,参事官(政策調整担当),,,,data
内閣府,内閣府,政策統括官(沖縄政策担当),,参事官(産業振興担当),,,,data
内閣府,内閣府,政策統括官(沖縄政策担当),,参事官(総括担当),,,,data
内閣府,内閣府,政策統括官(経済安全保障担当),,参事官(総括・企画担当),,,,data
内閣府,内閣府,政策統括官(経済社会システム担当),,参事官(総括担当),,,,data
内閣府,内閣府,政策統括官(経済社会システム担当),,民間資金等活用事業推進室,,,,data
内閣府,内閣府,政策統括官(経済財政分析担当),,参事官(企画担当),,,,data
内閣府,内閣府,政策統括官(経済財政分析担当),,参事官(地域担当),,,,data
内閣府,内閣府,政策統括官(経済財政分析担当),,参事官(海外担当),,,,data
内閣府,内閣府,政策統括官(経済財政分析担当),,参事官(総括担当),,,,data
内閣府,内閣府,政策統括官(経済財政分析担当),,地方創生推進室,,,,data
内閣府,内閣府,政策統括官(経済財政分析担当),,計量分析室,,,,data
内閣府,内閣府,政策統括官(経済財政運営担当),,参事官(予算編成基本方針担当),,,,data
内閣府,内閣府,政策統括官(経済財政運営担当),,参事官(国際経済担当),,,,data
内閣府,内閣府,政策統括官(経済財政運営担当),,参事官(総括担当),,,,data
内閣府,内閣府,政策統括官(経済財政運営担当),,地域就職氷河期世代支援加速化事業推進室,,,,data
内閣府,内閣府,政策統括官(経済財政運営担当),,地域経済活性化支援機構担当室,,,,data
内閣府,内閣府,政策統括官(経済財政運営担当),,対日直接投資推進室,,,,data
内閣府,内閣府,政策統括官(経済財政運営担当),,道州制特区担当室,,,,data
内閣府,内閣府,政策統括官(重要土地担当),,,,,,data
内閣府,内閣府,政策統括官(防災担当),,参事官(地方・訓練担当),,,,data
内閣府,内閣府,政策統括官(防災担当),,参事官(復旧・復興担当),,,,data
内閣府,内閣府,政策統括官(防災担当),,参事官(普及啓発・連携担当),,,,data
内閣府,内閣府,政策統括官(防災担当),,参事官(災害緊急事態対処担当),,,,data
内閣府,内閣府,政策統括官(防災担当),,参事官(被災者生活再建担当),,,,data
内閣府,内閣府,政策統括官(防災担当),,参事官(調査・企画担当),,,,data
内閣府,内閣府,政策統括官(防災担当),,参事官(避難生活担当),,,,data
内閣府,内閣府,政策統括官(防災担当),,参事官(防災計画担当),,,,data
内閣府,内閣府,日本学術会議,事務局,企画課,,,,data
内閣府,内閣府,日本学術会議,事務局,参事官(国際業務担当),,,国際業務総括専門職,data
内閣府,内閣府,沖縄振興局,,参事官(振興第一担当),,,,data
内閣府,内閣府,沖縄振興局,,参事官(振興第三担当),,,,data
内閣府,内閣府,沖縄振興局,,参事官(振興第二担当),,,,data
内閣府,内閣府,沖縄振興局,,参事官(特定事業担当),,,,data
内閣府,内閣府,沖縄振興局,,参事官(特定事業担当),,,特定事業第1担当主査,data
内閣府,内閣府,沖縄振興局,,参事官(調査金融担当),,,,data
内閣府,内閣府,沖縄振興局,,総務課,事業振興室,,,data
内閣府,内閣府,沖縄振興局,,総務課,沖縄科学技術大学院大学室,,,data
内閣府,内閣府,男女共同参画局,,仕事と生活の調和推進室,,,,data
内閣府,内閣府,男女共同参画局,,推進課,,,,data
内閣府,内閣府,男女共同参画局,,男女間暴力対策課,,,,data
内閣府,内閣府,男女共同参画局,,総務課,,,,data
内閣府,内閣府,知的財産戦略推進事務局,,,,,,data
内閣府,内閣府,科学技術・イノベーション推進事務局,,,日本医療研究開発機構担当室,,,data
内閣府,内閣府,科学技術・イノベーション推進事務局,,参事官(イノベーション推進担当),,,,data
内閣府,内閣府,科学技術・イノベーション推進事務局,,参事官(事業推進総括担当),,,,data
内閣府,内閣府,科学技術・イノベーション推進事務局,,参事官(原子力担当),,,,data
内閣府,内閣府,科学技術・イノベーション推進事務局,,参事官(大学改革・ファンド担当),,,,data
内閣府,内閣府,科学技術・イノベーション推進事務局,,参事官(未来革新研究推進担当),,,,data
内閣府,内閣府,科学技術・イノベーション推進事務局,,参事官(統合戦略担当),,,,data
内閣府,内閣府,科学技術・イノベーション推進事務局,,参事官(総括担当),,,,data
内閣府,内閣府,科学技術・イノベーション推進事務局,,参事官(重要課題担当),,,,data
内閣府,内閣府,経済社会総合研究所,,国民経済計算部,企画調査課,,,data
内閣府,内閣府,経済社会総合研究所,,経済研修所,,,,data
内閣府,内閣府,経済社会総合研究所,,総務部,総務課,,,data
内閣府,内閣府,総合海洋政策推進事務局,,,,,,data
内閣府,内閣府,賞勲局,,総務課,,,,data
内閣府,内閣府,迎賓館,,,,,,data
内閣府,内閣府,迎賓館,,京都事務所,,,,data
内閣府,内閣府,迎賓館,,運営課,,,,data
内閣府,内閣府,食品安全委員会,事務局,情報・勧告広報課,,,交流係,data
内閣府,内閣府,食品安全委員会,事務局,評価第一課,,,,data
厚生労働省,中央労働委員会,事務局,,総務課,,,,data
厚生労働省,厚生労働省,人材開発統括官,,,キャリア形成支援室,,,data
厚生労働省,厚生労働省,人材開発統括官,,,人材開発政策担当参事官室,,,data
厚生労働省,厚生労働省,人材開発統括官,,,人材開発総務担当参事官室,,,data
厚生労働省,厚生労働省,人材開発統括官,,,企業内人材開発支援室,,,data
厚生労働省,厚生労働省,人材開発統括官,,,政策企画室,,,data
厚生労働省,厚生労働省,人材開発統括官,,,海外人材育成担当参事官室,,,data
厚生労働省,厚生労働省,人材開発統括官,,,海外人材育成担当参事官室,,管理係,data
厚生労働省,厚生労働省,人材開発統括官,,,海外協力室,,,data
厚生労働省,厚生労働省,人材開発統括官,,,特別支援室,,,data
厚生労働省,厚生労働省,人材開発統括官,,,能力評価担当参事官室,,,data
厚生労働省,厚生労働省,人材開発統括官,,,若年者・キャリア形成支援担当参事官室,,,data
厚生労働省,厚生労働省,人材開発統括官,,,訓練企画室,,,data
厚生労働省,厚生労働省,保険局,,,,,,data
厚生労働省,厚生労働省,保険局,,保険課,,,,data
厚生労働省,厚生労働省,保険局,,保険課,,,企画法令第一係,data
厚生労働省,厚生労働省,保険局,,保険課,,,健康保険組合係,data
厚生労働省,厚生労働省,保険局,,保険課,全国健康保険協会管理室,,運営管理第三係,data
厚生労働省,厚生労働省,保険局,,保険課,全国健康保険協会管理室,,運営管理第二係,data
厚生労働省,厚生労働省,保険局,,医療介護連携政策課,,,,data
厚生労働省,厚生労働省,保険局,,医療介護連携政策課,保険データ企画室,,,data
厚生労働省,厚生労働省,保険局,,医療介護連携政策課,医療費適正化対策推進室,,,data
厚生労働省,厚生労働省,保険局,,医療課,,,,data
厚生労働省,厚生労働省,保険局,,医療課,,,企画法令第二係,data
厚生労働省,厚生労働省,保険局,,医療課,,,庶務係,data
厚生労働省,厚生労働省,保険局,,医療課,保険医療企画調査室,,,data
厚生労働省,厚生労働省,保険局,,医療課,医療指導監査室,,指導監査係,data
厚生労働省,厚生労働省,保険局,,国民健康保険課,,,,data
厚生労働省,厚生労働省,保険局,,国民健康保険課,,,国民健康保険組合係,data
厚生労働省,厚生労働省,保険局,,国民健康保険課,,,庶務係,data
厚生労働省,厚生労働省,保険局,,国民健康保険課,,,監理係,data
厚生労働省,厚生労働省,保険局,,国民健康保険課,,,財政第一係,data
厚生労働省,厚生労働省,保険局,,総務課,,,医療保険財政係,data
厚生労働省,厚生労働省,保険局,,総務課,,,庶務係,data
厚生労働省,厚生労働省,保険局,,総務課,社会保険審査調整室,,,data
厚生労働省,厚生労働省,保険局,,調査課,,,,data
厚生労働省,厚生労働省,保険局,,高齢者医療課,,,,data
厚生労働省,厚生労働省,健康・生活衛生局,,がん・疾病対策課,,,,data
厚生労働省,厚生労働省,健康・生活衛生局,,がん・疾病対策課,B型肝炎訴訟対策室,,,data
厚生労働省,厚生労働省,健康・生活衛生局,,がん・疾病対策課,肝炎対策推進室,,,data
厚生労働省,厚生労働省,健康・生活衛生局,,健康課,,,健康指導係,data
厚生労働省,厚生労働省,健康・生活衛生局,,健康課,保健指導室,,,data
厚生労働省,厚生労働省,健康・生活衛生局,,健康課,地域保健室,,,data
厚生労働省,厚生労働省,健康・生活衛生局,,健康課,栄養指導室,,,data
厚生労働省,厚生労働省,健康・生活衛生局,,生活衛生課,,,指導係,data
厚生労働省,厚生労働省,健康・生活衛生局,,生活衛生課,,,管理係,data
厚生労働省,厚生労働省,健康・生活衛生局,,総務課,,,指導係,data
厚生労働省,厚生労働省,健康・生活衛生局,,総務課,指導調査室,,,data
厚生労働省,厚生労働省,健康・生活衛生局,,総務課,指導調査室,,援護予算係,data
厚生労働省,厚生労働省,健康・生活衛生局,,難病対策課,,,,data
厚生労働省,厚生労働省,健康・生活衛生局,,難病対策課,,,ハンセン病係,data
厚生労働省,厚生労働省,健康・生活衛生局,,難病対策課,,,小児慢性特定疾病係,data
厚生労働省,厚生労働省,健康・生活衛生局,,難病対策課,,,補償金支給係,data
厚生労働省,厚生労働省,健康・生活衛生局,,難病対策課,,,難病調査研究係,data
厚生労働省,厚生労働省,健康・生活衛生局,,難病対策課,移植医療対策推進室,,臓器移植係,data
厚生労働省,厚生労働省,健康・生活衛生局,,難病対策課,移植医療対策推進室,,造血幹細胞移植係,data
厚生労働省,厚生労働省,健康・生活衛生局,,食品監視安全課,,,情報管理係,data
厚生労働省,厚生労働省,健康・生活衛生局,感染症対策部,予防接種課,,,,data
厚生労働省,厚生労働省,健康・生活衛生局,感染症対策部,予防接種課,,,健康被害救済給付第一係,data
厚生労働省,厚生労働省,健康・生活衛生局,感染症対策部,企画・検疫課,検疫所管理室,,,data
厚生労働省,厚生労働省,健康・生活衛生局,感染症対策部,感染症対策課,,,,data
厚生労働省,厚生労働省,健康・生活衛生局,感染症対策部,感染症対策課,,総務班,予算係,data
厚生労働省,厚生労働省,健康・生活衛生局,感染症対策部,感染症対策課,,総務班,管理係,data
厚生労働省,厚生労働省,健康・生活衛生局,感染症対策部,感染症対策課,エイズ対策推進室,,調査総務係,data
厚生労働省,厚生労働省,健康・生活衛生局,感染症対策部,感染症対策課,パンデミック対策推進室,備蓄・流通対策班,流通・備蓄調整係,data
厚生労働省,厚生労働省,健康・生活衛生局,感染症対策部,感染症対策課,国立健康危機管理研究機構設立準備室,,業務係,data
厚生労働省,厚生労働省,健康・生活衛生局,感染症対策部,感染症対策課,感染症情報管理室,,情報管理係,data
厚生労働省,厚生労働省,健康・生活衛生局,感染症対策部,感染症対策課,結核対策推進室,,結核対策係,data
厚生労働省,厚生労働省,労働基準局,,労働保険徴収課,,,,data
厚生労働省,厚生労働省,労働基準局,,労働条件政策課,,,,data
厚生労働省,厚生労働省,労働基準局,,労働条件政策課,,,医療労働対策係,data
厚生労働省,厚生労働省,労働基準局,,労働条件政策課,,,新たな働き方推進係,data
厚生労働省,厚生労働省,労働基準局,,労働関係法課,,,,data
厚生労働省,厚生労働省,労働基準局,,労働関係法課,,,法規第二係,data
厚生労働省,厚生労働省,労働基準局,,労災管理課,,,,data
厚生労働省,厚生労働省,労働基準局,,労災管理課,建設石綿給付金認定等業務室,,,data
厚生労働省,厚生労働省,労働基準局,,監督課,,,,data
厚生労働省,厚生労働省,労働基準局,,総務課,,,,data
厚生労働省,厚生労働省,労働基準局,,総務課,過労死等防止対策推進室,,,data
厚生労働省,厚生労働省,労働基準局,,補償課,,,,data
厚生労働省,厚生労働省,労働基準局,,賃金課,,,,data
厚生労働省,厚生労働省,労働基準局,安全衛生部,労働衛生課,,,,data
厚生労働省,厚生労働省,労働基準局,安全衛生部,労働衛生課,メンタルヘルス対策・治療と仕事の両立支援推進室,,,data
厚生労働省,厚生労働省,労働基準局,安全衛生部,労働衛生課,産業保健支援室,,,data
厚生労働省,厚生労働省,労働基準局,安全衛生部,労働衛生課,電離放射線労働者健康対策室,,,data
厚生労働省,厚生労働省,労働基準局,安全衛生部,化学物質対策課,,,,data
厚生労働省,厚生労働省,労働基準局,安全衛生部,安全課,,,,data
厚生労働省,厚生労働省,労働基準局,安全衛生部,安全課,,,業務第一係,data
厚生労働省,厚生労働省,労働基準局,安全衛生部,安全課,建設安全対策室,,,data
厚生労働省,厚生労働省,労働基準局,安全衛生部,計画課,,,,data
厚生労働省,厚生労働省,労働基準局,安全衛生部,計画課,機構・団体管理室,,,data
厚生労働省,厚生労働省,医政局,,医事課,,,,data
厚生労働省,厚生労働省,医政局,,医事課,,,医事係,data
厚生労働省,厚生労働省,医政局,,医事課,医師等医療従事者働き方改革推進室,,企画係,data
厚生労働省,厚生労働省,医政局,,医事課,医師臨床研修推進室,,臨床研修係,data
厚生労働省,厚生労働省,医政局,,医事課,死因究明等企画調査室,,,data
厚生労働省,厚生労働省,医政局,,医事課,試験免許室,,国家試験係,data
厚生労働省,厚生労働省,医政局,,医療経営支援課,医療法人支援室,,,data
厚生労働省,厚生労働省,医政局,,医療経営支援課,医療独立行政法人支援室,,,data
厚生労働省,厚生労働省,医政局,,医療経営支援課,国立ハンセン病療養所対策室,,,data
厚生労働省,厚生労働省,医政局,,医薬産業振興・医療情報企画課,,,,data
厚生労働省,厚生労働省,医政局,,医薬産業振興・医療情報企画課,,,薬価係,data
厚生労働省,厚生労働省,医政局,,医薬産業振興・医療情報企画課,,,調査統計係,data
厚生労働省,厚生労働省,医政局,,医薬産業振興・医療情報企画課,医療機器政策室,,材料価格係,data
厚生労働省,厚生労働省,医政局,,参事官(特定医薬品開発支援・医療情報担当),,,,data
厚生労働省,厚生労働省,医政局,,参事官(特定医薬品開発支援・医療情報担当),ワクチン等開発室,,,data
厚生労働省,厚生労働省,医政局,,参事官(特定医薬品開発支援・医療情報担当),医療情報室,,,data
厚生労働省,厚生労働省,医政局,,参事官(特定医薬品開発支援・医療情報担当),医薬品開発室,,,data
厚生労働省,厚生労働省,医政局,,地域医療計画課,,,,data
厚生労働省,厚生労働省,医政局,,地域医療計画課,医師確保等地域医療対策室,,,data
厚生労働省,厚生労働省,医政局,,地域医療計画課,医療安全推進・医務指導室,,,data
厚生労働省,厚生労働省,医政局,,地域医療計画課,医療関連サービス室,,,data
厚生労働省,厚生労働省,医政局,,地域医療計画課,外来・在宅医療対策室,,在宅医療係,data
厚生労働省,厚生労働省,医政局,,地域医療計画課,救急・周産期医療等対策室,,,data
厚生労働省,厚生労働省,医政局,,地域医療計画課,救急・周産期医療等対策室,,小児・周産期医療係,data
厚生労働省,厚生労働省,医政局,,地域医療計画課,新興感染症等医療対策室,,新興感染症等医療企画係,data
厚生労働省,厚生労働省,医政局,,地域医療計画課,災害等緊急時医療・周産期医療等対策室,,,data
厚生労働省,厚生労働省,医政局,,地域医療計画課,精神科医療等対策室,,,data
厚生労働省,厚生労働省,医政局,,歯科保健課,,,,data
厚生労働省,厚生労働省,医政局,,歯科保健課,歯科口腔保健推進室,,,data
厚生労働省,厚生労働省,医政局,,看護課,,,,data
厚生労働省,厚生労働省,医政局,,看護課,,,看護企画係,data
厚生労働省,厚生労働省,医政局,,看護課,,,看護教育係,data
厚生労働省,厚生労働省,医政局,,看護課,,,試験免許係,data
厚生労働省,厚生労働省,医政局,,看護課,看護サービス推進室,,,data
厚生労働省,厚生労働省,医政局,,研究開発政策課,,,先進医療係,data
厚生労働省,厚生労働省,医政局,,研究開発政策課,,,臨床研究管理係,data
厚生労働省,厚生労働省,医政局,,研究開発政策課,再生医療等研究推進室,,,data
厚生労働省,厚生労働省,医政局,,研究開発政策課,医療イノベーション推進室,,,data
厚生労働省,厚生労働省,医政局,,総務課,,,,data
厚生労働省,厚生労働省,医薬局,,医療機器審査管理課,,,,data
厚生労働省,厚生労働省,医薬局,,医薬品審査管理課,,,,data
厚生労働省,厚生労働省,医薬局,,医薬品審査管理課,化学物質安全対策室,,,data
厚生労働省,厚生労働省,医薬局,,医薬安全対策課,,,総務係,data
厚生労働省,厚生労働省,医薬局,,監視指導・麻薬対策課,,,,data
厚生労働省,厚生労働省,医薬局,,監視指導・麻薬対策課,,,企画係,data
厚生労働省,厚生労働省,医薬局,,監視指導・麻薬対策課,,,総務係,data
厚生労働省,厚生労働省,医薬局,,監視指導・麻薬対策課,,,薬事監視第一係,data
厚生労働省,厚生労働省,医薬局,,監視指導・麻薬対策課,,,薬事監視第二係,data
厚生労働省,厚生労働省,医薬局,,監視指導・麻薬対策課,,,薬物乱用防止係,data
厚生労働省,厚生労働省,医薬局,,監視指導・麻薬対策課,,,麻薬流通指導係,data
厚生労働省,厚生労働省,医薬局,,総務課,,,,data
厚生労働省,厚生労働省,医薬局,,総務課,,,試験免許係,data
厚生労働省,厚生労働省,医薬局,,総務課,医薬品副作用被害対策室,,,data
厚生労働省,厚生労働省,医薬局,,血液対策課,,,総務係,data
厚生労働省,厚生労働省,国立保健医療科学院,総務部,会計課,,,,data
厚生労働省,厚生労働省,国立医薬品食品衛生研究所,総務部,会計課,,,,data
厚生労働省,厚生労働省,国立感染症研究所,総務部,会計課,,,,data
厚生労働省,厚生労働省,国立社会保障・人口問題研究所,,総務課,,,,data
厚生労働省,厚生労働省,大臣官房,,,情報化担当参事官室,,,data
厚生労働省,厚生労働省,大臣官房,,会計課,管理室,,,data
厚生労働省,厚生労働省,大臣官房,,厚生科学課,,,情報企画係,data
厚生労働省,厚生労働省,大臣官房,,厚生科学課,,,研究助成係,data
厚生労働省,厚生労働省,大臣官房,,厚生科学課,健康危機管理・災害対策室,,,data
厚生労働省,厚生労働省,大臣官房,,厚生科学課,国立高度専門医療研究センター支援室,,,data
厚生労働省,厚生労働省,大臣官房,,厚生科学課,災害等危機管理対策室,,,data
厚生労働省,厚生労働省,大臣官房,,国際課,,,,data
厚生労働省,厚生労働省,大臣官房,,国際課,,,予算係,data
厚生労働省,厚生労働省,大臣官房,,国際課,,,国際経済機関係,data
厚生労働省,厚生労働省,大臣官房,,国際課,国際保健・協力室,,国際保健機関係,data
厚生労働省,厚生労働省,大臣官房,,国際課,国際保健・協力室,,開発協力第一係,data
厚生労働省,厚生労働省,大臣官房,,国際課,国際労働・協力室,,開発協力第二係,data
厚生労働省,厚生労働省,大臣官房,,地方課,,,施設係,data
厚生労働省,厚生労働省,大臣官房,,地方課,地方厚生局管理室,,,data
厚生労働省,厚生労働省,年金局,,事業企画課,,,運営管理係,data
厚生労働省,厚生労働省,年金局,,事業企画課,システム室,,情報企画係,data
厚生労働省,厚生労働省,年金局,,事業管理課,,,収納対策・交付金係,data
厚生労働省,厚生労働省,年金局,,事業管理課,,,国民年金管理係,data
厚生労働省,厚生労働省,年金局,,事業管理課,,,年金生活者支援給付金係,data
厚生労働省,厚生労働省,年金局,,企業年金・個人年金課,,,庶務係,data
厚生労働省,厚生労働省,年金局,,総務課,,,厚生年金保険財政係,data
厚生労働省,厚生労働省,年金局,,総務課,,,国民年金財政係,data
厚生労働省,厚生労働省,年金局,,総務課,,,基礎年金財政係,data
厚生労働省,厚生労働省,政策統括官,,,世帯統計室,,統計総務係,data
厚生労働省,厚生労働省,政策統括官,,,人口動態・保健社会統計室,,統計総務係,data
厚生労働省,厚生労働省,政策統括官,,,保健統計室,,医師・歯科医師・薬剤師統計係,data
厚生労働省,厚生労働省,政策統括官,,,保健統計室,,医療施設統計係,data
厚生労働省,厚生労働省,政策統括官,,,保健統計室,,患者統計係,data
厚生労働省,厚生労働省,政策統括官,,,国際分類情報管理室,,疾病傷害死因分類係,data
厚生労働省,厚生労働省,政策統括官,,,政策立案・評価担当参事官室,,,data
厚生労働省,厚生労働省,政策統括官,,,政策立案・評価担当参事官室,,政策立案支援係,data
厚生労働省,厚生労働省,政策統括官,,,政策統括室,,,data
厚生労働省,厚生労働省,政策統括官,,,社会統計室,,,data
厚生労働省,厚生労働省,政策統括官,,,統計・情報総務室,,予算第一係,data
厚生労働省,厚生労働省,政策統括官,,,統計企画調整室,,統計支援第二係,data
厚生労働省,厚生労働省,政策統括官,,,統計企画調整室,,統計研修係,data
厚生労働省,厚生労働省,政策統括官,,,行政報告統計室,,,data
厚生労働省,厚生労働省,政策統括官,,,賃金福祉統計室,,安全衛生第一係,data
厚生労働省,厚生労働省,政策統括官,,,賃金福祉統計室,,安全衛生第二係,data
厚生労働省,厚生労働省,政策統括官,,,賃金福祉統計室,,就労条件係,data
厚生労働省,厚生労働省,政策統括官,,,賃金福祉統計室,,賃金第三係,data
厚生労働省,厚生労働省,政策統括官,,,賃金福祉統計室,,賃金第二係,data
厚生労働省,厚生労働省,政策統括官,,,雇用・賃金福祉統計室,,,data
厚生労働省,厚生労働省,社会・援護局,,事業課,,,,data
厚生労働省,厚生労働省,社会・援護局,,保護課,,,,data
厚生労働省,厚生労働省,社会・援護局,,保護課,,,予算係,data
厚生労働省,厚生労働省,社会・援護局,,保護課,,,保護係,data
厚生労働省,厚生労働省,社会・援護局,,保護課,,,医療係,data
厚生労働省,厚生労働省,社会・援護局,,保護課,,,調査係,data
厚生労働省,厚生労働省,社会・援護局,,保護課,保護事業室,,自立支援係,data
厚生労働省,厚生労働省,社会・援護局,,保護課,自立推進・指導監査室,,監査企画係,data
厚生労働省,厚生労働省,社会・援護局,,地域福祉課,,,,data
厚生労働省,厚生労働省,社会・援護局,,地域福祉課,,,地域福祉係,data
厚生労働省,厚生労働省,社会・援護局,,地域福祉課,地域共生社会推進室,,,data
厚生労働省,厚生労働省,社会・援護局,,地域福祉課,成年後見制度利用促進室,,,data
厚生労働省,厚生労働省,社会・援護局,,地域福祉課,生活困窮者自立支援室,,,data
厚生労働省,厚生労働省,社会・援護局,,地域福祉課,生活困窮者自立支援室,,就労支援係,data
厚生労働省,厚生労働省,社会・援護局,,援護・業務課,,,,data
厚生労働省,厚生労働省,社会・援護局,,援護企画課,,,,data
厚生労働省,厚生労働省,社会・援護局,,援護企画課,中国残留邦人等支援室,,,data
厚生労働省,厚生労働省,社会・援護局,,福祉基盤課,,,予算係,data
厚生労働省,厚生労働省,社会・援護局,,福祉基盤課,,,振興係,data
厚生労働省,厚生労働省,社会・援護局,,福祉基盤課,,,法人経営指導係,data
厚生労働省,厚生労働省,社会・援護局,,福祉基盤課,福祉人材確保対策室,,,data
厚生労働省,厚生労働省,社会・援護局,,総務課,,,,data
厚生労働省,厚生労働省,社会・援護局,,総務課,,,指導係,data
厚生労働省,厚生労働省,社会・援護局,,総務課,,,経理係,data
厚生労働省,厚生労働省,社会・援護局,,総務課,女性支援室,,,data
厚生労働省,厚生労働省,社会・援護局,,総務課,自殺対策推進室,,,data
厚生労働省,厚生労働省,社会・援護局,,総務課,自殺対策推進室,,地域支援係,data
厚生労働省,厚生労働省,社会・援護局,障害保健福祉部,企画課,,,,data
厚生労働省,厚生労働省,社会・援護局,障害保健福祉部,企画課,,,分析係,data
厚生労働省,厚生労働省,社会・援護局,障害保健福祉部,企画課,,,手当係,data
厚生労働省,厚生労働省,社会・援護局,障害保健福祉部,企画課,,,経理係,data
厚生労働省,厚生労働省,社会・援護局,障害保健福祉部,企画課,,,自治体支援係,data
厚生労働省,厚生労働省,社会・援護局,障害保健福祉部,企画課,アルコール健康障害対策推進室,,,data
厚生労働省,厚生労働省,社会・援護局,障害保健福祉部,企画課,施設管理室,,のぞみの園係,data
厚生労働省,厚生労働省,社会・援護局,障害保健福祉部,企画課,施設管理室,,予算係,data
厚生労働省,厚生労働省,社会・援護局,障害保健福祉部,企画課,自立支援振興室,,,data
厚生労働省,厚生労働省,社会・援護局,障害保健福祉部,企画課,自立支援振興室,,地域生活支援係,data
厚生労働省,厚生労働省,社会・援護局,障害保健福祉部,企画課,自立支援振興室,,社会参加活動支援係,data
厚生労働省,厚生労働省,社会・援護局,障害保健福祉部,精神・障害保健課,,,,data
厚生労働省,厚生労働省,社会・援護局,障害保健福祉部,精神・障害保健課,,,自立支援医療係,data
厚生労働省,厚生労働省,社会・援護局,障害保健福祉部,精神・障害保健課,依存症対策推進室,,依存症対策係,data
厚生労働省,厚生労働省,社会・援護局,障害保健福祉部,精神・障害保健課,医療観察法医療体制整備推進室,,指導係,data
厚生労働省,厚生労働省,社会・援護局,障害保健福祉部,障害福祉課,,,,data
厚生労働省,厚生労働省,社会・援護局,障害保健福祉部,障害福祉課,,,就労支援係,data
厚生労働省,厚生労働省,社会・援護局,障害保健福祉部,障害福祉課,,,福祉サービス係,data
厚生労働省,厚生労働省,社会・援護局,障害保健福祉部,障害福祉課,,,福祉財政係,data
厚生労働省,厚生労働省,社会・援護局,障害保健福祉部,障害福祉課,,,訪問サービス係,data
厚生労働省,厚生労働省,社会・援護局,障害保健福祉部,障害福祉課,,,評価・基準係,data
厚生労働省,厚生労働省,社会・援護局,障害保健福祉部,障害福祉課,地域生活・発達障害者支援室,,,data
厚生労働省,厚生労働省,社会・援護局,障害保健福祉部,障害福祉課,障害児・発達障害者支援室,,発達障害者支援係,data
厚生労働省,厚生労働省,老健局,,介護保険計画課,,,,data
厚生労働省,厚生労働省,老健局,,総務課,,,企画調整係,data
厚生労働省,厚生労働省,老健局,,総務課,,,経理係,data
厚生労働省,厚生労働省,老健局,,総務課,介護保険指導室,,,data
厚生労働省,厚生労働省,老健局,,老人保健課,,,,data
厚生労働省,厚生労働省,老健局,,老人保健課,,,予算係,data
厚生労働省,厚生労働省,老健局,,老人保健課,,,介護認定係,data
厚生労働省,厚生労働省,老健局,,老人保健課,,,調査係,data
厚生労働省,厚生労働省,老健局,,認知症施策・地域介護推進課,,,,data
厚生労働省,厚生労働省,老健局,,認知症施策・地域介護推進課,,,人材研修係,data
厚生労働省,厚生労働省,老健局,,認知症施策・地域介護推進課,,,基準第一係,data
厚生労働省,厚生労働省,老健局,,認知症施策・地域介護推進課,,,基準第二係,data
厚生労働省,厚生労働省,老健局,,認知症施策・地域介護推進課,,,認知症施策推進係,data
厚生労働省,厚生労働省,老健局,,認知症施策・地域介護推進課,地域づくり推進室,,企画調整係,data
厚生労働省,厚生労働省,老健局,,認知症施策・地域介護推進課,地域づくり推進室,,地域包括ケア推進係,data
厚生労働省,厚生労働省,老健局,,認知症施策・地域介護推進課,地域づくり推進室,,生活支援サービス係,data
厚生労働省,厚生労働省,老健局,,高齢者支援課,,,予算係,data
厚生労働省,厚生労働省,老健局,,高齢者支援課,,,施設係,data
厚生労働省,厚生労働省,老健局,,高齢者支援課,,,福祉用具・住宅改修係,data
厚生労働省,厚生労働省,老健局,,高齢者支援課,,,虐待防止対策係,data
厚生労働省,厚生労働省,老健局,,高齢者支援課,,,高齢者居住支援係,data
厚生労働省,厚生労働省,老健局,,高齢者支援課,介護業務効率化・生産性向上推進室,,介護ロボット係,data
厚生労働省,厚生労働省,老健局,,高齢者支援課,介護業務効率化・生産性向上推進室,,介護調整係,data
厚生労働省,厚生労働省,職業安定局,,,労働市場センター業務室,,,data
厚生労働省,厚生労働省,職業安定局,,地域雇用対策課,,,,data
厚生労働省,厚生労働省,職業安定局,,外国人雇用対策課,,,,data
厚生労働省,厚生労働省,職業安定局,,外国人雇用対策課,海外人材受入就労対策室,,,data
厚生労働省,厚生労働省,職業安定局,,外国人雇用対策課,経済連携協定受入対策室,,,data
厚生労働省,厚生労働省,職業安定局,,総務課,,,,data
厚生労働省,厚生労働省,職業安定局,,総務課,人材確保支援総合企画室,,,data
厚生労働省,厚生労働省,職業安定局,,総務課,公共職業安定所運営企画室,,,data
厚生労働省,厚生労働省,職業安定局,,総務課,訓練受講支援室,,,data
厚生労働省,厚生労働省,職業安定局,,総務課,首席職業指導官室,,,data
厚生労働省,厚生労働省,職業安定局,,障害者雇用対策課,,,,data
厚生労働省,厚生労働省,職業安定局,,障害者雇用対策課,地域就労支援室,,,data
厚生労働省,厚生労働省,職業安定局,,雇用保険課,,,,data
厚生労働省,厚生労働省,職業安定局,,雇用政策課,,,,data
厚生労働省,厚生労働省,職業安定局,,雇用政策課,労働市場情報整備推進企画室,,,data
厚生労働省,厚生労働省,職業安定局,,雇用政策課,労働移動支援室,,,data
厚生労働省,厚生労働省,職業安定局,,雇用政策課,民間人材サービス推進室,,,data
厚生労働省,厚生労働省,職業安定局,,雇用開発企画課,,,,data
厚生労働省,厚生労働省,職業安定局,,雇用開発企画課,就労支援室,,,data
厚生労働省,厚生労働省,職業安定局,,雇用開発企画課,就労支援室,,就労支援係,data
厚生労働省,厚生労働省,職業安定局,,雇用開発企画課,就労支援室,,就労支援第二係,data
厚生労働省,厚生労働省,職業安定局,,雇用開発企画課,建設・港湾対策室,,,data
厚生労働省,厚生労働省,職業安定局,,需給調整事業課,,,,data
厚生労働省,厚生労働省,職業安定局,,高齢者雇用対策課,,,,data
厚生労働省,厚生労働省,雇用環境・均等局,,勤労者生活課,,,,data
厚生労働省,厚生労働省,雇用環境・均等局,,在宅労働課,,,,data
厚生労働省,厚生労働省,雇用環境・均等局,,在宅労働課,フリーランス就業環境整備室,,,data
厚生労働省,厚生労働省,雇用環境・均等局,,有期・短時間労働課,,,,data
厚生労働省,厚生労働省,雇用環境・均等局,,総務課,,,,data
厚生労働省,厚生労働省,雇用環境・均等局,,総務課,労働紛争処理業務室,,,data
厚生労働省,厚生労働省,雇用環境・均等局,,総務課,雇用環境政策室,,,data
厚生労働省,厚生労働省,雇用環境・均等局,,職業生活両立課,,,,data
厚生労働省,厚生労働省,雇用環境・均等局,,職業生活両立課,,,企画係,data
厚生労働省,厚生労働省,雇用環境・均等局,,職業生活両立課,,,啓発援助係,data
厚生労働省,厚生労働省,雇用環境・均等局,,職業生活両立課,,,育児・介護休業係,data
厚生労働省,厚生労働省,雇用環境・均等局,,雇用機会均等課,,,,data
原子力規制委員会,原子力規制委員会,原子力安全人材育成センター,,人材育成課,,,,data
原子力規制委員会,原子力規制委員会,原子力安全人材育成センター,,原子炉技術研修課,,,,data
原子力規制委員会,原子力規制委員会,原子力規制庁,原子力規制部,検査グループ検査監督総括課,,,,data
原子力規制委員会,原子力規制委員会,原子力規制庁,長官官房,人事課,,,,data
原子力規制委員会,原子力規制委員会,原子力規制庁,長官官房,技術基盤グループシステム安全研究部門,,,,data
原子力規制委員会,原子力規制委員会,原子力規制庁,長官官房,技術基盤グループシビアアクシデント研究部門,,,,data
原子力規制委員会,原子力規制委員会,原子力規制庁,長官官房,技術基盤グループ地震・津波研究部門,,,,data
原子力規制委員会,原子力規制委員会,原子力規制庁,長官官房,技術基盤グループ技術基盤課,,,,data
原子力規制委員会,原子力規制委員会,原子力規制庁,長官官房,技術基盤グループ放射線・廃棄物研究部門,,,,data
原子力規制委員会,原子力規制委員会,原子力規制庁,長官官房,放射線防護グループ放射線規制部門,,,,data
原子力規制委員会,原子力規制委員会,原子力規制庁,長官官房,放射線防護グループ放射線防護企画課,,,,data
原子力規制委員会,原子力規制委員会,原子力規制庁,長官官房,放射線防護グループ放射線防護企画課,保障措置室,,,data
原子力規制委員会,原子力規制委員会,原子力規制庁,長官官房,放射線防護グループ核セキュリティ部門,,,,data
原子力規制委員会,原子力規制委員会,原子力規制庁,長官官房,放射線防護グループ監視情報課,,,,data
原子力規制委員会,原子力規制委員会,原子力規制庁,長官官房,放射線防護グループ監視情報課,放射線環境対策室,,,data
原子力規制委員会,原子力規制委員会,原子力規制庁,長官官房,総務課,国際室,,,data
原子力規制委員会,原子力規制委員会,原子力規制庁,長官官房,総務課,広報室,,,data
原子力規制委員会,原子力規制委員会,原子力規制庁,長官官房,総務課,情報システム室,,,data
国土交通省,国土交通省,不動産・建設経済局,,不動産市場整備課,,,,data
国土交通省,国土交通省,不動産・建設経済局,,不動産市場整備課,不動産投資推進室,,,data
国土交通省,国土交通省,不動産・建設経済局,,不動産業課,,,,data
国土交通省,国土交通省,不動産・建設経済局,,参事官,,,,data
国土交通省,国土交通省,不動産・建設経済局,,国際市場課,,,,data
国土交通省,国土交通省,不動産・建設経済局,,土地政策課,,,,data
国土交通省,国土交通省,不動産・建設経済局,,土地政策課,公共用地室,,,data
国土交通省,国土交通省,不動産・建設経済局,,地価調査課,,,,data
国土交通省,国土交通省,不動産・建設経済局,,地価調査課,地価公示室,,,data
国土交通省,国土交通省,不動産・建設経済局,,地価調査課,鑑定評価指導室,,,data
国土交通省,国土交通省,不動産・建設経済局,,地理空間情報課,,,,data
国土交通省,国土交通省,不動産・建設経済局,,地理空間情報課,地籍整備室,,,data
国土交通省,国土交通省,不動産・建設経済局,,建設振興課,,,,data
国土交通省,国土交通省,不動産・建設経済局,,建設業課,,,,data
国土交通省,国土交通省,不動産・建設経済局,,建設業課,建設業適正取引推進指導室,,,data
国土交通省,国土交通省,住宅局,,住宅生産課,,,,data
国土交通省,国土交通省,住宅局,,住宅経済・法制課,住宅金融室,,,data
国土交通省,国土交通省,住宅局,,住宅総合整備課,,,,data
国土交通省,国土交通省,住宅局,,住宅総合整備課,住環境整備室,,,data
国土交通省,国土交通省,住宅局,,参事官(マンション・賃貸住宅担当),,,,data
国土交通省,国土交通省,住宅局,,参事官(住宅瑕疵担保対策担当),,,,data
国土交通省,国土交通省,住宅局,,参事官(建築企画担当),,,,data
国土交通省,国土交通省,住宅局,,安心居住推進課,,,,data
国土交通省,国土交通省,住宅局,,市街地建築課,,,,data
国土交通省,国土交通省,住宅局,,市街地建築課,市街地住宅整備室,,,data
国土交通省,国土交通省,住宅局,,建築指導課,,,,data
国土交通省,国土交通省,住宅局,,総務課,,,,data
国土交通省,国土交通省,住宅局,,総務課,国際室,,,data
国土交通省,国土交通省,北海道局,,予算課,,,,data
国土交通省,国土交通省,北海道局,,参事官,,,,data
国土交通省,国土交通省,北海道局,,総務課,アイヌ政策室,,,data
国土交通省,国土交通省,国土交通政策研究所,,,,,,data
国土交通省,国土交通省,国土地理院,企画部,企画調整課,,,,data
国土交通省,国土交通省,国土地理院,地理地殻活動研究センター,研究管理課,,,,data
国土交通省,国土交通省,国土地理院,地理空間情報部,企画調査課,,,,data
国土交通省,国土交通省,国土地理院,基本図情報部,管理課,,,,data
国土交通省,国土交通省,国土地理院,応用地理部,企画課,,,,data
国土交通省,国土交通省,国土地理院,測地部,計画課,,,,data
国土交通省,国土交通省,国土地理院,総務部,契約課,,,,data
国土交通省,国土交通省,国土技術政策総合研究所,上下水道研究部,下水処理研究室,,,,data
国土交通省,国土交通省,国土技術政策総合研究所,上下水道研究部,下水道研究室,,,,data
国土交通省,国土交通省,国土技術政策総合研究所,上下水道研究部,水道研究室,,,,data
国土交通省,国土交通省,国土技術政策総合研究所,上下水道研究部,能登上下水道復興支援室,,,,data
国土交通省,国土交通省,国土技術政策総合研究所,企画部,企画課,,,,data
国土交通省,国土交通省,国土技術政策総合研究所,企画部,施設課,,,,data
国土交通省,国土交通省,国土技術政策総合研究所,住宅研究部,住宅生産研究室,,,,data
国土交通省,国土交通省,国土技術政策総合研究所,住宅研究部,住宅計画研究室,,,,data
国土交通省,国土交通省,国土技術政策総合研究所,住宅研究部,建築環境研究室,,,,data
国土交通省,国土交通省,国土技術政策総合研究所,土砂災害研究部,砂防研究室,,,,data
国土交通省,国土交通省,国土技術政策総合研究所,建築研究部,材料・部材基準研究室,,,,data
国土交通省,国土交通省,国土技術政策総合研究所,建築研究部,構造基準研究室,,,,data
国土交通省,国土交通省,国土技術政策総合研究所,建築研究部,防火基準研究室,,,,data
国土交通省,国土交通省,国土技術政策総合研究所,河川研究部,大規模河川構造物研究室,,,,data
国土交通省,国土交通省,国土技術政策総合研究所,河川研究部,水害研究室,,,,data
国土交通省,国土交通省,国土技術政策総合研究所,河川研究部,河川研究室,,,,data
国土交通省,国土交通省,国土技術政策総合研究所,港湾・沿岸海洋研究部,海洋環境・危機管理研究室,,,,data
国土交通省,国土交通省,国土技術政策総合研究所,港湾・沿岸海洋研究部,港湾計画研究室,,,,data
国土交通省,国土交通省,国土技術政策総合研究所,港湾情報化支援センター,港湾業務情報化研究室,,,,data
国土交通省,国土交通省,国土技術政策総合研究所,空港研究部,空港施工システム室,,,,data
国土交通省,国土交通省,国土技術政策総合研究所,管理調整部,企画調整課,,,,data
国土交通省,国土交通省,国土技術政策総合研究所,道路構造物研究部,構造・基礎研究室,,,,data
国土交通省,国土交通省,国土技術政策総合研究所,道路構造物研究部,橋梁研究室,,,,data
国土交通省,国土交通省,国土技術政策総合研究所,道路構造物研究部,道路地震防災研究室,,,,data
国土交通省,国土交通省,国土技術政策総合研究所,道路構造物研究部,道路基盤研究室,,,,data
国土交通省,国土交通省,国土技術政策総合研究所,都市研究部,都市計画研究室,,,,data
国土交通省,国土交通省,国土技術政策総合研究所,都市研究部,都市開発研究室,,,,data
国土交通省,国土交通省,国土技術政策総合研究所,都市研究部,都市防災研究室,,,,data
国土交通省,国土交通省,国土政策局,,,地方政策課調整室,,,data
国土交通省,国土交通省,国土政策局,,地域振興課,,,,data
国土交通省,国土交通省,国土政策局,,地域振興課,半島振興室,,,data
国土交通省,国土交通省,国土政策局,,地方政策課,,,,data
国土交通省,国土交通省,国土政策局,,特別地域振興官,,,,data
国土交通省,国土交通省,国土政策局,,総務課,,,,data
国土交通省,国土交通省,国土政策局,,総合計画課,,,,data
国土交通省,国土交通省,国土政策局,,離島振興課,,,,data
国土交通省,国土交通省,大臣官房,,,,,,data
国土交通省,国土交通省,大臣官房,,,公共事業調査室,,,data
国土交通省,国土交通省,大臣官房,,会計課,,,,data
国土交通省,国土交通省,大臣官房,,参事官,,,,data
国土交通省,国土交通省,大臣官房,,技術調査課,,,,data
国土交通省,国土交通省,大臣官房,,技術調査課,施工企画室,,,data
国土交通省,国土交通省,大臣官房,,技術調査課,電気通信室,,,data
国土交通省,国土交通省,大臣官房,,社会資本整備総合交付金等総合調整室,,,,data
国土交通省,国土交通省,大臣官房,,運輸安全監理官,,,,data
国土交通省,国土交通省,大臣官房,官庁営繕部,,,,,data
国土交通省,国土交通省,大臣官房,官庁営繕部,計画課,,,,data
国土交通省,国土交通省,水管理・国土保全局,,上下水道企画課,,,,data
国土交通省,国土交通省,水管理・国土保全局,,上下水道企画課,上下水道国際室,,,data
国土交通省,国土交通省,水管理・国土保全局,,上下水道企画課,下水道部下水道企画課管理企画指導室,,,data
国土交通省,国土交通省,水管理・国土保全局,,下水道事業課,,,,data
国土交通省,国土交通省,水管理・国土保全局,,下水道事業課,事業マネジメント推進室,,,data
国土交通省,国土交通省,水管理・国土保全局,,大臣官房参事官(上下水道技術),,,,data
国土交通省,国土交通省,水管理・国土保全局,,水道事業課,,,,data
国土交通省,国土交通省,水管理・国土保全局,,水道事業課,水道計画指導室,,,data
国土交通省,国土交通省,水管理・国土保全局,,河川環境課,,,,data
国土交通省,国土交通省,水管理・国土保全局,,河川環境課,水防企画室,,,data
国土交通省,国土交通省,水管理・国土保全局,,河川環境課,河川保全企画室,,,data
国土交通省,国土交通省,水管理・国土保全局,,河川環境課,流水管理室,,,data
国土交通省,国土交通省,水管理・国土保全局,,河川計画課,国際室,,,data
国土交通省,国土交通省,水管理・国土保全局,,河川計画課,河川計画調整室,,,data
国土交通省,国土交通省,水管理・国土保全局,,治水課,,,,data
国土交通省,国土交通省,水管理・国土保全局,,総務課,,,,data
国土交通省,国土交通省,水管理・国土保全局,,防災課,,,,data
国土交通省,国土交通省,水管理・国土保全局,水資源部,水資源政策課,,,,data
国土交通省,国土交通省,水管理・国土保全局,水資源部,水資源計画課,総合水資源管理戦略室,,,data
国土交通省,国土交通省,水管理・国土保全局,砂防部,保全課,,,,data
国土交通省,国土交通省,水管理・国土保全局,砂防部,保全課,海岸室,,,data
国土交通省,国土交通省,水管理・国土保全局,砂防部,砂防計画課,,,,data
国土交通省,国土交通省,水管理・国土保全局,砂防部,砂防計画課,地震・火山砂防室,,,data
国土交通省,国土交通省,水管理・国土保全局,砂防部,砂防計画課,砂防管理支援室,,,data
国土交通省,国土交通省,海事局,,内航課,,,,data
国土交通省,国土交通省,海事局,,外航課,,,,data
国土交通省,国土交通省,海事局,,安全政策課,,,,data
国土交通省,国土交通省,海事局,,検査測度課,,,,data
国土交通省,国土交通省,海事局,,海技課,,,,data
国土交通省,国土交通省,海事局,,海技課,船員教育室,,,data
国土交通省,国土交通省,海事局,,海洋・環境政策課,,,,data
国土交通省,国土交通省,海事局,,総務課,国際企画調整室,,,data
国土交通省,国土交通省,海事局,,船員政策課,,,,data
国土交通省,国土交通省,海事局,,船舶産業課,,,,data
国土交通省,国土交通省,海難審判所,,総務課,,,,data
国土交通省,国土交通省,港湾局,,海岸・防災課,,,,data
国土交通省,国土交通省,港湾局,,海岸・防災課,危機管理室,,,data
国土交通省,国土交通省,港湾局,,海岸・防災課,災害対策室,,,data
国土交通省,国土交通省,港湾局,,海洋・環境課,,,,data
国土交通省,国土交通省,港湾局,,港湾経済課,港湾物流戦略室,,,data
国土交通省,国土交通省,港湾局,,産業港湾課,,,,data
国土交通省,国土交通省,港湾局,,産業港湾課,国際企画室,,,data
国土交通省,国土交通省,港湾局,,計画課,,,,data
国土交通省,国土交通省,物流・自動車局,,企画・電動化・自動運転参事官室,,,,data
国土交通省,国土交通省,物流・自動車局,,保障制度参事官室,,,,data
国土交通省,国土交通省,物流・自動車局,,安全政策課,,,,data
国土交通省,国土交通省,物流・自動車局,,審査・リコール課,,,,data
国土交通省,国土交通省,物流・自動車局,,技術・環境政策課,,,,data
国土交通省,国土交通省,物流・自動車局,,旅客課,,,,data
国土交通省,国土交通省,物流・自動車局,,物流政策課,,,,data
国土交通省,国土交通省,物流・自動車局,,物流政策課国際物流室,,,,data
国土交通省,国土交通省,物流・自動車局,,総務課,,,,data
国土交通省,国土交通省,物流・自動車局,,自動車情報課,,,,data
国土交通省,国土交通省,物流・自動車局,,自動車整備課,,,,data
国土交通省,国土交通省,物流・自動車局,,貨物流通事業課,,,,data
国土交通省,国土交通省,物流・自動車局,,貨物流通事業課,トラック事業適正化対策室,,,data
国土交通省,国土交通省,物流・自動車局,,車両基準・国際課,,,,data
国土交通省,国土交通省,総合政策局,,バリアフリー政策課,,,,data
国土交通省,国土交通省,総合政策局,,モビリティサービス推進課,,,,data
国土交通省,国土交通省,総合政策局,,交通政策課,,,,data
国土交通省,国土交通省,総合政策局,,公共事業企画調整課,,,,data
国土交通省,国土交通省,総合政策局,,参事官(グローバル戦略),,,,data
国土交通省,国土交通省,総合政策局,,国際政策課,,,,data
国土交通省,国土交通省,総合政策局,,地域交通課,,,,data
国土交通省,国土交通省,総合政策局,,情報政策課,,,,data
国土交通省,国土交通省,総合政策局,,情報政策課,サイバーセキュリティ対策室,,,data
国土交通省,国土交通省,総合政策局,,情報政策課,建設経済統計調査室,,,data
国土交通省,国土交通省,総合政策局,,技術政策課,,,,data
国土交通省,国土交通省,総合政策局,,政策課,,,,data
国土交通省,国土交通省,総合政策局,,海外プロジェクト推進課,,,,data
国土交通省,国土交通省,総合政策局,,海洋政策課,,,,data
国土交通省,国土交通省,総合政策局,,環境政策課,,,,data
国土交通省,国土交通省,総合政策局,,社会資本整備政策課,,,,data
国土交通省,国土交通省,総合政策局,,総務課,,,,data
国土交通省,国土交通省,総合政策局,,総務課,政策企画官(総合交通体系担当),,,data
国土交通省,国土交通省,航空局,,予算・管財室参事官(航空予算担当),,,,data
国土交通省,国土交通省,航空局,交通管制部,交通管制企画課,,,,data
国土交通省,国土交通省,航空局,安全部,安全政策課,,,,data
国土交通省,国土交通省,航空局,安全部,安全政策課,乗員政策室,,,data
国土交通省,国土交通省,航空局,安全部,官房参事官(安全企画),航空保安対策室,,,data
国土交通省,国土交通省,航空局,安全部,官房参事官(航空安全推進),,,,data
国土交通省,国土交通省,航空局,安全部,航空機安全課,,,,data
国土交通省,国土交通省,航空局,航空ネットワーク部,,官房参事官(航空戦略)/空港周辺地域活性化推進室,,,data
国土交通省,国土交通省,航空局,航空ネットワーク部,,空港計画課,,,data
国土交通省,国土交通省,航空局,航空ネットワーク部,,空港計画課/大都市圏空港調査室,,,data
国土交通省,国土交通省,航空局,航空ネットワーク部,国際航空課,,,,data
国土交通省,国土交通省,航空局,航空ネットワーク部,航空ネットワーク企画課,,,,data
国土交通省,国土交通省,航空局,航空ネットワーク部,航空ネットワーク企画課,空港経営改革推進室,,,data
国土交通省,国土交通省,航空局,航空ネットワーク部,航空事業課,地方航空活性化推進室,,,data
国土交通省,国土交通省,航空局,航空ネットワーク部,近畿圏・中部圏空港課,,,,data
国土交通省,国土交通省,航空局,航空ネットワーク部,首都圏空港課,成田国際空港企画室,,,data
国土交通省,国土交通省,道路局,,企画課,国際室,,,data
国土交通省,国土交通省,道路局,,参事官(自転車活用推進),,,,data
国土交通省,国土交通省,道路局,,国道・技術課,,,,data
国土交通省,国土交通省,道路局,,国道・技術課,道路メンテナンス企画室,,,data
国土交通省,国土交通省,道路局,,環境安全・防災課,,,,data
国土交通省,国土交通省,道路局,,環境安全・防災課,道路防災対策室,,,data
国土交通省,国土交通省,道路局,,総務課,,,,data
国土交通省,国土交通省,道路局,,路政課,道路利用調整室,,,data
国土交通省,国土交通省,道路局,,道路交通管理課,車両通行対策室,,,data
国土交通省,国土交通省,道路局,,道路交通管理課,高度道路交通システム推進室,,,data
国土交通省,国土交通省,道路局,,高速道路課,,,,data
国土交通省,国土交通省,都市局,,まちづくり推進課,,,,data
国土交通省,国土交通省,都市局,,まちづくり推進課,都市開発金融支援室,,,data
国土交通省,国土交通省,都市局,,公園緑地・景観課,,,,data
国土交通省,国土交通省,都市局,,公園緑地・景観課,緑地環境室,,,data
国土交通省,国土交通省,都市局,,参事官(国際園芸博覧会担当),,,,data
国土交通省,国土交通省,都市局,,国際・デジタル政策課,,,,data
国土交通省,国土交通省,都市局,,国際・デジタル政策課,都市局国際・デジタル政策課デジタル情報活用推進室,,,data
国土交通省,国土交通省,都市局,,市街地整備課,,,,data
国土交通省,国土交通省,都市局,,街路交通施設課,,,,data
国土交通省,国土交通省,都市局,,都市安全課,,,,data
国土交通省,国土交通省,都市局,,都市環境課,,,,data
国土交通省,国土交通省,都市局,,都市計画課,,,,data
国土交通省,国土交通省,都市局,,都市計画課,都市計画調査室,,,data
国土交通省,国土交通省,鉄道局,,参事官(新幹線建設)室,,,,data
国土交通省,国土交通省,鉄道局,,参事官(機構監督・地域調整)室,,,,data
国土交通省,国土交通省,鉄道局,,安全監理官,,,,data
国土交通省,国土交通省,鉄道局,,幹線鉄道課,,,,data
国土交通省,国土交通省,鉄道局,,技術企画課,,,,data
国土交通省,国土交通省,鉄道局,,技術企画課,技術開発室,,,data
国土交通省,国土交通省,鉄道局,,施設課,,,,data
国土交通省,国土交通省,鉄道局,,施設課,鉄道防災対策室,,,data
国土交通省,国土交通省,鉄道局,,都市鉄道政策課,,,,data
国土交通省,国土交通省,鉄道局,,都市鉄道政策課,駅機能高度化推進室,,,data
国土交通省,国土交通省,鉄道局,,鉄道事業課,,,,data
国土交通省,国土交通省,鉄道局,,鉄道事業課,旅客輸送業務監理室,,,data
国土交通省,国土交通省気象庁,,地震火山部,管理課,,,,data
国土交通省,国土交通省気象庁,,大気海洋部,予報課,,,,data
国土交通省,国土交通省気象庁,,大気海洋部,業務課,,,,data
国土交通省,国土交通省気象庁,,大気海洋部,気候情報課,,,,data
国土交通省,国土交通省気象庁,,大気海洋部,環境・海洋気象課,,,,data
国土交通省,国土交通省気象庁,,大気海洋部,観測整備計画課,,,,data
国土交通省,国土交通省気象庁,,情報基盤部,気象衛星課,,,,data
国土交通省,国土交通省気象庁,,総務部,企画課,国際室,,,data
国土交通省,国土交通省気象庁,,総務部,企画課,航空気象管理室,,第一管理係,data
国土交通省,国土交通省気象庁,,総務部,総務課,施設物品管理室,,,data
国土交通省,国土交通省気象庁,気象研究所,,企画室(課相当),,,,data
国土交通省,国土交通省海上保安庁,,交通部,企画課,,,予算係,data
国土交通省,国土交通省海上保安庁,,海洋情報部,企画課,,,業務係,data
国土交通省,国土交通省海上保安庁,,総務部,情報通信課,,,計画係,data
国土交通省,国土交通省海上保安庁,,装備技術部,施設補給課,,,企画係,data
国土交通省,国土交通省海上保安庁,,装備技術部,施設補給課,,,計画係,data
国土交通省,国土交通省海上保安庁,,装備技術部,施設補給課,,,調査係,data
国土交通省,国土交通省海上保安庁,,装備技術部,管理課,,,,data
国土交通省,国土交通省海上保安庁,,装備技術部,航空機課,,,企画係,data
国土交通省,国土交通省海上保安庁,,装備技術部,船舶課,,,計画係,data
国土交通省,国土交通省海上保安庁,,警備救難部,環境防災課,,,企画係,data
国土交通省,国土交通省海上保安庁,,警備救難部,管理課,,,管理係,data
国土交通省,国土交通省観光庁,,,参事官(国際関係),,,,data
国土交通省,国土交通省観光庁,,,参事官(外客受入),,,,data
国土交通省,国土交通省観光庁,,,参事官(産業競争力強化),,,,data
国土交通省,国土交通省観光庁,,,国際観光部参事官(MICE),,,,data
国土交通省,国土交通省観光庁,,,国際観光部国際観光課,,,,data
国土交通省,国土交通省観光庁,,,総務課,調整室,,,data
国土交通省,国土交通省観光庁,,,観光地域振興部観光地域振興課,,,,data
国土交通省,国土交通省観光庁,,,観光地域振興部観光地域振興課,広域連携推進室,,,data
国土交通省,国土交通省観光庁,,,観光地域振興部観光資源課,,,,data
国土交通省,国土交通省観光庁,,,観光地域振興部観光資源課,文化・歴史資源活用推進室,,,data
国土交通省,国土交通省観光庁,,,観光地域振興部観光資源課,新コンテンツ開発推進室,,,data
国土交通省,国土交通省観光庁,,,観光地域振興部観光資源課,自然資源活用推進室,,,data
国土交通省,国土交通省観光庁,,,観光戦略課,,,,data
国土交通省,国土交通省観光庁,,,観光戦略課,観光統計調査室,,,data
国土交通省,国土交通省観光庁,,,観光産業課,,,,data
国土交通省,国土交通省運輸安全委員会,事務局,,総務課,,,,data
外務省,外務省,アジア大洋州局,,中国・モンゴル第一課,,,,data
外務省,外務省,アジア大洋州局,,北東アジア第一課,,,,data
外務省,外務省,アジア大洋州局,,北東アジア第二課,,,,data
外務省,外務省,アジア大洋州局,,地域政策参事官室,,,,data
外務省,外務省,アジア大洋州局,,大洋州課,,,,data
外務省,外務省,アジア大洋州局,南部アジア部,南東アジア第一課,,,,data
外務省,外務省,アジア大洋州局,南部アジア部,南東アジア第二課,,,,data
外務省,外務省,アジア大洋州局,南部アジア部,南西アジア課,,,,data
外務省,外務省,中南米局,,中米カリブ課,,,,data
外務省,外務省,中南米局,,中米カリブ課,カリブ室,,,data
外務省,外務省,中南米局,,南米課,,,,data
外務省,外務省,中東アフリカ局,,中東第一課,,,,data
外務省,外務省,中東アフリカ局,,中東第二課,,,,data
外務省,外務省,中東アフリカ局,アフリカ部,アフリカ第一課,,,,data
外務省,外務省,中東アフリカ局,アフリカ部,アフリカ第二課,,,,data
外務省,外務省,北米局,,北米第一課,,,,data
外務省,外務省,北米局,,北米第二課,,,,data
外務省,外務省,北米局,,日米安全保障条約課,日米地位協定室,,,data
外務省,外務省,国際協力局,,国別開発協力第一課,,,,data
外務省,外務省,国際協力局,,国別開発協力第三課,,,,data
外務省,外務省,国際協力局,,国別開発協力第二課,,,,data
外務省,外務省,国際協力局,,国際保健戦略官室,,,,data
外務省,外務省,国際協力局,,地球環境課,,,,data
外務省,外務省,国際協力局,,地球規模課題総括課,,,,data
外務省,外務省,国際協力局,,地球規模課題総括課,専門機関室,,,data
外務省,外務省,国際協力局,,政策課,,,,data
外務省,外務省,国際協力局,,政策課,NGO協力推進室,,,data
外務省,外務省,国際協力局,,政策課,事業管理室,,,data
外務省,外務省,国際協力局,,政策課,開発協力企画室,,,data
外務省,外務省,国際協力局,,気候変動課,,,,data
外務省,外務省,国際協力局,,緊急・人道支援課,,,,data
外務省,外務省,国際協力局,,開発協力総括官室,,,,data
外務省,外務省,国際法局,,国際法課,,,,data
外務省,外務省,国際法局,,国際法課,海洋法室,,,data
外務省,外務省,国際法局,,条約課,,,,data
外務省,外務省,国際法局,,経済紛争処理課,,,,data
外務省,外務省,大臣官房,,,G7広島サミット事務局,,,data
外務省,外務省,大臣官房,,,ODA評価室,,,data
外務省,外務省,大臣官房,,,国際報道官室,,,data
外務省,外務省,大臣官房,,会計課,,管理室,,data
外務省,外務省,大臣官房,,在外公館課,,営繕室,,data
外務省,外務省,大臣官房,,報道課,,,,data
外務省,外務省,大臣官房,,広報文化外交戦略課,,,,data
外務省,外務省,大臣官房,,広報文化外交戦略課,IT広報室,,,data
外務省,外務省,大臣官房,,広報文化外交戦略課,国内広報室,,,data
外務省,外務省,大臣官房,,広報文化外交戦略課,戦略的対外発信拠点室,,,data
外務省,外務省,大臣官房,,文化交流・海外広報課,,,,data
外務省,外務省,大臣官房,,文化交流・海外広報課,人物交流室,,,data
外務省,外務省,大臣官房,,文化交流・海外広報課,国際文化協力室,,,data
外務省,外務省,大臣官房,,文化交流・海外広報課,対日理解促進交流室,,,data
外務省,外務省,欧州局,,ロシア課,,,,data
外務省,外務省,欧州局,,ロシア課,中央アジア・コーカサス室,,,data
外務省,外務省,欧州局,,ロシア課,日露経済室,,,data
外務省,外務省,欧州局,,中・東欧課,,,,data
外務省,外務省,欧州局,,政策課,,,,data
外務省,外務省,欧州局,,政策課,アジア欧州協力室,,,data
外務省,外務省,欧州局,,西欧課,,,,data
外務省,外務省,経済局,,国際経済課,,,,data
外務省,外務省,経済局,,国際経済課,欧州連合経済室,,,data
外務省,外務省,経済局,,国際経済課,経済協力開発機構室,,,data
外務省,外務省,経済局,,国際貿易課,,,,data
外務省,外務省,経済局,,政策課,,,,data
外務省,外務省,経済局,,政策課,国際デジタル経済室,,,data
外務省,外務省,経済局,,政策課,官民連携推進室,,,data
外務省,外務省,経済局,,政策課,漁業室,,,data
外務省,外務省,経済局,,政策課,資源安全保障室,,,data
外務省,外務省,経済局,,経済連携課,,,,data
外務省,外務省,経済局,,経済連携課,アジア太平洋経済協力室,,,data
外務省,外務省,総合外交政策局,,人権人道課,,,,data
外務省,外務省,総合外交政策局,,人権人道課,女性参画推進室,,,data
外務省,外務省,総合外交政策局,,国連企画調整課,,,,data
外務省,外務省,総合外交政策局,,国連企画調整課,国際機関人事センター,,,data
外務省,外務省,総合外交政策局,,国連政策課,,,,data
外務省,外務省,総合外交政策局,,安全保障協力課,,,,data
外務省,外務省,総合外交政策局,,安全保障協力課,国際平和協力室,,,data
外務省,外務省,総合外交政策局,,安全保障政策課,,,,data
外務省,外務省,総合外交政策局,,安全保障政策課,国際安全・治安対策協力室,,,data
外務省,外務省,総合外交政策局,,安全保障政策課,国際平和・安全保障協力室廃止,,,data
外務省,外務省,総合外交政策局,,安全保障政策課,宇宙・海洋安全保障政策室,,,data
外務省,外務省,総合外交政策局,,安全保障政策課,経済安全保障政策室,,,data
外務省,外務省,総合外交政策局,,総務課,政策企画室,,,data
外務省,外務省,総合外交政策局,軍縮不拡散・科学部,不拡散・科学原子力課,,,,data
外務省,外務省,総合外交政策局,軍縮不拡散・科学部,不拡散・科学原子力課,国際原子力協力室,,,data
外務省,外務省,総合外交政策局,軍縮不拡散・科学部,不拡散・科学原子力課,国際科学協力室,,,data
外務省,外務省,総合外交政策局,軍縮不拡散・科学部,軍備管理軍縮課,,,,data
外務省,外務省,総合外交政策局,軍縮不拡散・科学部,軍備管理軍縮課,生物・化学兵器禁止条約室,,,data
外務省,外務省,総合外交政策局,軍縮不拡散・科学部,軍備管理軍縮課,通常兵器室,,,data
外務省,外務省,領事局,,外国人課,,,,data
外務省,外務省,領事局,,政策課,,,,data
外務省,外務省,領事局,,政策課,ハーグ条約室,,,data
外務省,外務省,領事局,,旅券課,,,,data
外務省,外務省,領事局,,海外邦人安全課,,,,data
復興庁,復興庁,,,,,インフラ・住宅班,,data
復興庁,復興庁,,,,,予算会計企画班,,data
復興庁,復興庁,,,,,制度班,,data
復興庁,復興庁,,,,,原子力災害復興班/制度担当,,data
復興庁,復興庁,,,,,原子力災害復興班/加速化交付金担当,,data
復興庁,復興庁,,,,,原子力災害復興班/福島予算計画担当,,data
復興庁,復興庁,,,,,原子力災害復興班/福島地域担当,,data
復興庁,復興庁,,,,,原子力災害復興班/移住等促進担当,,data
復興庁,復興庁,,,,,地方創生・万博・法制班,,data
復興庁,復興庁,,,,,広報班,,data
復興庁,復興庁,,,,,復興特区班,,data
復興庁,復興庁,,,,,復興知見班,,data
復興庁,復興庁,,,,,法制班,,data
復興庁,復興庁,,,,,福島国際研究教育機構室,,data
復興庁,復興庁,,,,,被災者支援・医療福祉班,,data
復興庁,復興庁,,,,,農林水産班,,data
文部科学省,スポーツ庁,,,健康スポーツ課,,,健康・体力つくり係,data
文部科学省,スポーツ庁,,,健康スポーツ課,,,庶務係,data
文部科学省,スポーツ庁,,,健康スポーツ課,,,連携推進係,data
文部科学省,スポーツ庁,,,健康スポーツ課,障害者スポーツ振興室,,障害者スポーツ係,data
文部科学省,スポーツ庁,,,参事官(国際担当),,,,data
文部科学省,スポーツ庁,,,参事官(国際担当),,,アンチ・ドーピング企画調整係,data
文部科学省,スポーツ庁,,,参事官(国際担当),,,アンチ・ドーピング推進係,data
文部科学省,スポーツ庁,,,参事官(国際担当),,,国際競技大会招致推進係,data
文部科学省,スポーツ庁,,,参事官(地域振興担当),,,地域振興係,data
文部科学省,スポーツ庁,,,参事官(地域振興担当),,,施設企画係,data
文部科学省,スポーツ庁,,,参事官(地域振興担当),,,施設整備係,data
文部科学省,スポーツ庁,,,参事官(民間スポーツ担当),,,スポーツ人材係,data
文部科学省,スポーツ庁,,,参事官(民間スポーツ担当),,,経営改善係,data
文部科学省,スポーツ庁,,,地域スポーツ課,,,地域スポーツ振興係,data
文部科学省,スポーツ庁,,,地域スポーツ課,,,地域運動部活動推進係,data
文部科学省,スポーツ庁,,,地域スポーツ課,,,学校運動部活動係,data
文部科学省,スポーツ庁,,,地域スポーツ課,,,庶務係,data
文部科学省,スポーツ庁,,,政策課,,,管理係,data
文部科学省,スポーツ庁,,,政策課,企画調整室,,,data
文部科学省,スポーツ庁,,,政策課,企画調整室,,政策調整係,data
文部科学省,スポーツ庁,,,政策課,企画調整室,,調査係,data
文部科学省,スポーツ庁,,,競技スポーツ課,,,,data
文部科学省,スポーツ庁,,,競技スポーツ課,,,スポーツ科学係,data
文部科学省,スポーツ庁,,,競技スポーツ課,,,庶務係,data
文部科学省,スポーツ庁,,,競技スポーツ課,,,支援第一係,data
文部科学省,スポーツ庁,,,競技スポーツ課,,,整備係,data
文部科学省,スポーツ庁,,,競技スポーツ課,,,競技団体組織基盤強化係,data
文部科学省,文化庁,,,,,,日本芸術院/庶務係,data
文部科学省,文化庁,,,企画調整課,,,事業係,data
文部科学省,文化庁,,,企画調整課,,,総括係,data
文部科学省,文化庁,,,企画調整課,博物館・独立行政法人連絡室,,独法一係,data
文部科学省,文化庁,,,企画調整課,博物館・独立行政法人連絡室,,独法二係,data
文部科学省,文化庁,,,企画調整課,博物館振興室,,,data
文部科学省,文化庁,,,企画調整課,国立アイヌ民族博物館,,アイヌ文化振興係,data
文部科学省,文化庁,,,企画調整課,国立近現代建築資料館,,,data
文部科学省,文化庁,,,参事官(文化拠点担当),,,文化観光拠点支援係,data
文部科学省,文化庁,,,参事官(生活文化創造担当),,,,data
文部科学省,文化庁,,,参事官(生活文化連携担当),,,総括係,data
文部科学省,文化庁,,,参事官(芸術文化担当),,,,data
文部科学省,文化庁,,,参事官(芸術文化担当),,,メディア芸術発信係,data
文部科学省,文化庁,,,参事官(芸術文化担当),,,映画振興係,data
文部科学省,文化庁,,,参事官(芸術文化担当),,,総括・顕彰係,data
文部科学省,文化庁,,,参事官(芸術文化担当),,,舞台芸術係,data
文部科学省,文化庁,,,参事官(芸術文化担当),,学校芸術教育室,文化活動振興係,data
文部科学省,文化庁,,,参事官(芸術文化担当),,学校芸術教育室,芸術教育推進係,data
文部科学省,文化庁,,,国語課,,,日本語教育指導・普及係,data
文部科学省,文化庁,,,宗務課,,,調査係,data
文部科学省,文化庁,,,政策課,,,,data
文部科学省,文化庁,,,政策課,文化発信室,,,data
文部科学省,文化庁,,,文化経済・国際課,グローバル展開推進室,,,data
文部科学省,文化庁,,,文化経済・国際課,文化芸術活動基盤強化室,,,data
文部科学省,文化庁,,,文化経済・国際課,文化芸術活動基盤強化室,,経営改善・市場流通係,data
文部科学省,文化庁,,,文化経済・国際課,新文化芸術創造室,,,data
文部科学省,文化庁,,,文化財第一課,,,審議会係,data
文部科学省,文化庁,,,文化財第一課,,,総括係,data
文部科学省,文化庁,,,文化財第二課,,,総括係,data
文部科学省,文化庁,,,文化資源活用課,,,,data
文部科学省,文化庁,,,文化資源活用課,,,総務係,data
文部科学省,文化庁,,,著作権課,,,著作権登録係,data
文部科学省,文部科学省,初等中等教育局,,健康教育・食育課,,,保健指導係,data
文部科学省,文部科学省,初等中等教育局,,健康教育・食育課,,,保健管理係,data
文部科学省,文部科学省,初等中等教育局,,健康教育・食育課,,,学校給食係,data
文部科学省,文部科学省,初等中等教育局,,児童生徒課,,,キャリア教育推進係,data
文部科学省,文部科学省,初等中等教育局,,児童生徒課,,,指導係,data
文部科学省,文部科学省,初等中等教育局,,児童生徒課,生徒指導室,,生徒指導企画係,data
文部科学省,文部科学省,初等中等教育局,,初等中等教育企画課,,,総務係,data
文部科学省,文部科学省,初等中等教育局,,参事官(高等学校担当),,,,data
文部科学省,文部科学省,初等中等教育局,,参事官(高等学校担当),,,企画係,data
文部科学省,文部科学省,初等中等教育局,,参事官(高等学校担当),産業教育振興室,,助成係,data
文部科学省,文部科学省,初等中等教育局,,参事官(高等学校担当),高校修学支援室,,高校奨学金係,data
文部科学省,文部科学省,初等中等教育局,,参事官(高等学校担当),高等学校改革推進室,,,data
文部科学省,文部科学省,初等中等教育局,,学校情報基盤・教材課,,,,data
文部科学省,文部科学省,初等中等教育局,,学校情報基盤・教材課,,,庶務・助成係,data
文部科学省,文部科学省,初等中等教育局,,幼児教育課,,,企画調整係,data
文部科学省,文部科学省,初等中等教育局,,幼児教育課,,,指導係,data
文部科学省,文部科学省,初等中等教育局,,幼児教育課,,,振興係,data
文部科学省,文部科学省,初等中等教育局,,教科書課,,,無償給与係,data
文部科学省,文部科学省,初等中等教育局,,教育課程課,,,,data
文部科学省,文部科学省,初等中等教育局,,教育課程課,,,庶務・助成係,data
文部科学省,文部科学省,初等中等教育局,,教育課程課,,,教育課程第一係,data
文部科学省,文部科学省,初等中等教育局,,教育課程課,,,教育課程第二係,data
文部科学省,文部科学省,初等中等教育局,,教育課程課,外国語教育推進室,,,data
文部科学省,文部科学省,初等中等教育局,,教育課程課,情報教育振興室,,,data
文部科学省,文部科学省,初等中等教育局,,教育課程課,教育課程企画室,,,data
文部科学省,文部科学省,初等中等教育局,,特別支援教育課,,,庶務係,data
文部科学省,文部科学省,初等中等教育局,,特別支援教育課,,,支援第一係,data
文部科学省,文部科学省,初等中等教育局,,特別支援教育課,,,支援第二係,data
文部科学省,文部科学省,初等中等教育局,,財務課,,,,data
文部科学省,文部科学省,初等中等教育局,,財務課,,,企画調査係,data
文部科学省,文部科学省,初等中等教育局,,財務課,,,庶務・助成係,data
文部科学省,文部科学省,初等中等教育局,,財務課,,,校務調整係,data
文部科学省,文部科学省,初等中等教育局,,財務課,,,給与総括係,data
文部科学省,文部科学省,初等中等教育局,,財務課,教育財政室,,公立共済係,data
文部科学省,文部科学省,国立教育政策研究所,幼児教育研究センター,,,,,data
文部科学省,文部科学省,国立教育政策研究所,教育データサイエンスセンター,データ基盤課,,,,data
文部科学省,文部科学省,国立教育政策研究所,教育課程研究センター,,研究開発部研究開発課,,企画係,data
文部科学省,文部科学省,国立教育政策研究所,文教施設研究センター,,,,企画係,data
文部科学省,文部科学省,国立教育政策研究所,生徒指導・進路指導研究センター,企画課,,,企画係,data
文部科学省,文部科学省,国立教育政策研究所,研究企画開発部,情報支援課,,,企画係,data
文部科学省,文部科学省,国立教育政策研究所,社会教育実践研究センター,企画課,,,,data
文部科学省,文部科学省,国立教育政策研究所,総務部,研究支援課,,,研究支援係,data
文部科学省,文部科学省,国際統括官,,,,,ユネスコ振興推進係,data
文部科学省,文部科学省,国際統括官,,,,,ユネスコ第1係,data
文部科学省,文部科学省,国際統括官,,,,,企画係,data
文部科学省,文部科学省,大臣官房,,人事課,,栄典班,栄典第三係,data
文部科学省,文部科学省,大臣官房,,会計課,,管理班,企画渉外係,data
文部科学省,文部科学省,大臣官房,,国際課,,,企画調査係,data
文部科学省,文部科学省,大臣官房,,国際課,,,国際機関係,data
文部科学省,文部科学省,大臣官房,,国際課,,,外国人教育政策企画係,data
文部科学省,文部科学省,大臣官房,,国際課,,,外国人教育政策推進第一係,data
文部科学省,文部科学省,大臣官房,,国際課,,,海外協力政策係,data
文部科学省,文部科学省,大臣官房,,国際課,,,総務係,data
文部科学省,文部科学省,大臣官房,,政策課,サイバーセキュリティ・情報化推進室,,サイバーセキュリティ第一係,data
文部科学省,文部科学省,大臣官房,文教施設企画・防災部,参事官(施設防災担当),,,整備企画係,data
文部科学省,文部科学省,大臣官房,文教施設企画・防災部,参事官(施設防災担当),,,施設防災企画係,data
文部科学省,文部科学省,大臣官房,文教施設企画・防災部,参事官(施設防災担当),,,災害復旧係,data
文部科学省,文部科学省,大臣官房,文教施設企画・防災部,参事官(施設防災担当),,,防災機能強化係,data
文部科学省,文部科学省,大臣官房,文教施設企画・防災部,施設企画課,,,指導第一係,data
文部科学省,文部科学省,大臣官房,文教施設企画・防災部,施設企画課,,,環境施設企画係,data
文部科学省,文部科学省,大臣官房,文教施設企画・防災部,施設助成課,,,予算総括係,data
文部科学省,文部科学省,大臣官房,文教施設企画・防災部,計画課,,,,data
文部科学省,文部科学省,研究振興局,,ライフサイエンス課,,,,data
文部科学省,文部科学省,研究振興局,,参事官(ナノテクノロジー・物質・材料担当),,,,data
文部科学省,文部科学省,研究振興局,,参事官(情報担当),,,,data
文部科学省,文部科学省,研究振興局,,参事官(情報担当),学術基盤整備室,,,data
文部科学省,文部科学省,研究振興局,,参事官(情報担当),計算科学技術推進室,,,data
文部科学省,文部科学省,研究振興局,,基礎・基盤研究課,,,,data
文部科学省,文部科学省,研究振興局,,基礎・基盤研究課,,,理研係,data
文部科学省,文部科学省,研究振興局,,基礎・基盤研究課,素粒子・原子核研究推進室,,,data
文部科学省,文部科学省,研究振興局,,基礎・基盤研究課,量子研究推進室,,,data
文部科学省,文部科学省,研究振興局,,大学研究基盤整備課,,,,data
文部科学省,文部科学省,研究振興局,,大学研究基盤整備課,,,庶務・研究設備係,data
文部科学省,文部科学省,研究振興局,,大学研究基盤整備課,,,機構総括係,data
文部科学省,文部科学省,研究振興局,,大学研究基盤整備課,大学研究力強化室,,研究力強化企画係,data
文部科学省,文部科学省,研究振興局,,学術研究推進課,,,,data
文部科学省,文部科学省,研究振興局,,学術研究推進課,,,学術研究推進係,data
文部科学省,文部科学省,研究振興局,,学術研究推進課,企画室,,調査分析係,data
文部科学省,文部科学省,研究振興局,,振興企画課,,,学術振興係,data
文部科学省,文部科学省,研究振興局,,振興企画課,奨励室,,,data
文部科学省,文部科学省,研究振興局,,振興企画課,学術企画室,,,data
文部科学省,文部科学省,研究振興局,,研究振興戦略官,,,,data
文部科学省,文部科学省,研究開発局,,原子力課,,,,data
文部科学省,文部科学省,研究開発局,,原子力課,立地地域対策室,,,data
文部科学省,文部科学省,研究開発局,,地震火山防災研究課,,,,data
文部科学省,文部科学省,研究開発局,,宇宙開発利用課,,,,data
文部科学省,文部科学省,研究開発局,,海洋地球課,,,,data
文部科学省,文部科学省,研究開発局,,環境エネルギー課,,,,data
文部科学省,文部科学省,研究開発局,,研究開発戦略官(核燃料サイクル・廃止措置担当),,,,data
文部科学省,文部科学省,研究開発局,,研究開発戦略官(核融合・原子力国際協力担当),,,,data
文部科学省,文部科学省,科学技術・学術政策局,,,産業連携・地域振興課研究交流センター,,,data
文部科学省,文部科学省,科学技術・学術政策局,,人材政策課,,,科学技術社会連携係,data
文部科学省,文部科学省,科学技術・学術政策局,,人材政策課,,,総括係,data
文部科学省,文部科学省,科学技術・学術政策局,,人材政策課,人材政策推進室,,,data
文部科学省,文部科学省,科学技術・学術政策局,,参事官(国際戦略担当),,,,data
文部科学省,文部科学省,科学技術・学術政策局,,政策課,資源室,,,data
文部科学省,文部科学省,科学技術・学術政策局,,産業連携・地域振興課,,,総括係,data
文部科学省,文部科学省,科学技術・学術政策局,,産業連携・地域振興課,拠点形成・地域振興室,,地域係,data
文部科学省,文部科学省,科学技術・学術政策局,,産業連携・地域振興課,産業連携推進室,,企画調査係,data
文部科学省,文部科学省,科学技術・学術政策局,,研究環境課,,,研究基盤整備・利用係,data
文部科学省,文部科学省,科学技術・学術政策局,,研究環境課,,,総括・交流係,data
文部科学省,文部科学省,科学技術・学術政策局,,研究環境課,研究公正推進室,,,data
文部科学省,文部科学省,科学技術・学術政策局,,研究環境課,競争的研究費調整室,,指導企画係,data
文部科学省,文部科学省,科学技術・学術政策局,,研究開発戦略課,,,,data
文部科学省,文部科学省,科学技術・学術政策局,,研究開発戦略課,戦略研究推進室,,,data
文部科学省,文部科学省,科学技術・学術政策局,,研究開発戦略課,政策科学推進室,,,data
文部科学省,文部科学省,科学技術・学術政策局,,科学技術・学術戦略官(制度改革・調査担当),,,,data
文部科学省,文部科学省,科学技術・学術政策研究所,,企画課,,,,data
文部科学省,文部科学省,総合教育政策局,,参事官(調査企画担当),,,,data
文部科学省,文部科学省,総合教育政策局,,参事官(調査企画担当),,,国際教育統計担当,data
文部科学省,文部科学省,総合教育政策局,,参事官(調査企画担当),,,外国調査第1係,data
文部科学省,文部科学省,総合教育政策局,,参事官(調査企画担当),,,学校基本調査係,data
文部科学省,文部科学省,総合教育政策局,,参事官(調査企画担当),,,専門調査係,data
文部科学省,文部科学省,総合教育政策局,,参事官(調査企画担当),,,庶務係,data
文部科学省,文部科学省,総合教育政策局,,参事官(調査企画担当),,,統計情報分析係,data
文部科学省,文部科学省,総合教育政策局,,参事官(調査企画担当),,,統計活用推進係,data
文部科学省,文部科学省,総合教育政策局,,参事官(調査企画担当),,,調査調整係,data
文部科学省,文部科学省,総合教育政策局,,参事官(調査企画担当),学力調査室,,学力調査企画係,data
文部科学省,文部科学省,総合教育政策局,,参事官(調査企画担当),学力調査室,,学力調査推進係,data
文部科学省,文部科学省,総合教育政策局,,国際教育課,,,国際理解教育係,data
文部科学省,文部科学省,総合教育政策局,,国際教育課,,,在外教育施設企画調査係,data
文部科学省,文部科学省,総合教育政策局,,国際教育課,,,外国人児童生徒教育企画係,data
文部科学省,文部科学省,総合教育政策局,,国際教育課,,,庶務・助成係,data
文部科学省,文部科学省,総合教育政策局,,地域学習推進課,,,図書館振興係,data
文部科学省,文部科学省,総合教育政策局,,地域学習推進課,,,地域学習推進係,data
文部科学省,文部科学省,総合教育政策局,,地域学習推進課,,,庶務係,data
文部科学省,文部科学省,総合教育政策局,,地域学習推進課,,,社会教育人材研修係,data
文部科学省,文部科学省,総合教育政策局,,地域学習推進課,地域学校協働推進室,,地域学校協働事業係,data
文部科学省,文部科学省,総合教育政策局,,地域学習推進課,家庭教育支援室,,家庭教育振興係,data
文部科学省,文部科学省,総合教育政策局,,地域学習推進課,青少年教育室,,事業係,data
文部科学省,文部科学省,総合教育政策局,,地域学習推進課,青少年教育室,,施設係,data
文部科学省,文部科学省,総合教育政策局,,教育人材政策課,,,企画係,data
文部科学省,文部科学省,総合教育政策局,,教育人材政策課,,,庶務・助成係,data
文部科学省,文部科学省,総合教育政策局,,教育人材政策課,,,改革推進係,data
文部科学省,文部科学省,総合教育政策局,,教育人材政策課,教員免許・研修企画室,,教職員研修係,data
文部科学省,文部科学省,総合教育政策局,,教育人材政策課,教員免許・研修企画室,,法規係,data
文部科学省,文部科学省,総合教育政策局,,教育人材政策課,教員養成企画室,,教育大学係,data
文部科学省,文部科学省,総合教育政策局,,日本語教育課,,,管理係,data
文部科学省,文部科学省,総合教育政策局,,生涯学習推進課,,,放送大学振興係,data
文部科学省,文部科学省,総合教育政策局,,生涯学習推進課,,,生涯学習推進係,data
文部科学省,文部科学省,総合教育政策局,,生涯学習推進課,,,職業教育推進係,data
文部科学省,文部科学省,総合教育政策局,,生涯学習推進課,,,認定試験第1係,data
文部科学省,文部科学省,総合教育政策局,,生涯学習推進課,専修学校教育振興室,,専修学校第1係,data
文部科学省,文部科学省,総合教育政策局,,生涯学習推進課,専修学校教育振興室,,専修学校第2係,data
文部科学省,文部科学省,総合教育政策局,,男女共同参画共生社会学習・安全課,,,庶務係,data
文部科学省,文部科学省,総合教育政策局,,男女共同参画共生社会学習・安全課,,,消費者教育推進係,data
文部科学省,文部科学省,総合教育政策局,,男女共同参画共生社会学習・安全課,安全教育推進室,,交通安全係,data
文部科学省,文部科学省,総合教育政策局,,男女共同参画共生社会学習・安全課,安全教育推進室,,推進係,data
文部科学省,文部科学省,総合教育政策局,,男女共同参画共生社会学習・安全課,男女共同参画学習室,,男女共同参画推進係,data
文部科学省,文部科学省,総合教育政策局,,男女共同参画共生社会学習・安全課,障害者学習支援推進室,,障害者学習支援第1係,data
文部科学省,文部科学省,高等教育局,,医学教育課,,,,data
文部科学省,文部科学省,高等教育局,,医学教育課,,,医学教育係,data
文部科学省,文部科学省,高等教育局,,医学教育課,,,看護教育係,data
文部科学省,文部科学省,高等教育局,,医学教育課,,,薬学教育係,data
文部科学省,文部科学省,高等教育局,,医学教育課,大学病院支援室,,病院第二係,data
文部科学省,文部科学省,高等教育局,,参事官,,,国際交流係,data
文部科学省,文部科学省,高等教育局,,参事官,,,調整係,data
文部科学省,文部科学省,高等教育局,,参事官,留学生交流室,,国費留学生係,data
文部科学省,文部科学省,高等教育局,,参事官,留学生交流室,,政策調査係,data
文部科学省,文部科学省,高等教育局,,参事官,留学生交流室,,留学交流支援係,data
文部科学省,文部科学省,高等教育局,,参事官,留学生交流室,,私費留学生係,data
文部科学省,文部科学省,高等教育局,,国立大学法人支援課,,,,data
文部科学省,文部科学省,高等教育局,,国立大学法人支援課,,,総括係,data
文部科学省,文部科学省,高等教育局,,大学教育・入試課,,,企画係・放送大学係,data
文部科学省,文部科学省,高等教育局,,大学教育・入試課,,,学務係,data
文部科学省,文部科学省,高等教育局,,大学教育・入試課,大学入試室,,入試第一係,data
文部科学省,文部科学省,高等教育局,,学生支援課,,,厚生係,data
文部科学省,文部科学省,高等教育局,,学生支援課,,,奨学事業係,data
文部科学省,文部科学省,高等教育局,,学生支援課,,,法人係,data
文部科学省,文部科学省,高等教育局,,学生支援課,高等教育修学支援室,,,data
文部科学省,文部科学省,高等教育局,,専門教育課,,,情報教育推進第一係,data
文部科学省,文部科学省,高等教育局,,専門教育課,,,科学・技術教育係,data
文部科学省,文部科学省,高等教育局,,専門教育課,,,高等専門学校第一係,data
文部科学省,文部科学省,高等教育局,,専門教育課,専門職大学院室,,推進係,data
文部科学省,文部科学省,高等教育局,,高等教育企画課,,,,data
文部科学省,文部科学省,高等教育局,,高等教育企画課,高等教育政策室,,,data
文部科学省,文部科学省,高等教育局,,高等教育企画課,高等教育政策室,,企画審議係,data
文部科学省,文部科学省,高等教育局,私学部,私学助成課,,,助成第一係,data
文部科学省,文部科学省,高等教育局,私学部,私学助成課,,,助成第三係,data
文部科学省,文部科学省,高等教育局,私学部,私学助成課,,,助成第二係,data
文部科学省,文部科学省,高等教育局,私学部,私学助成課,,,助成第四係,data
文部科学省,文部科学省,高等教育局,私学部,私学行政課,,,総務係,data
文部科学省,文部科学省,高等教育局,私学部,私学行政課,私学共済室,,共済管理係,data
法務省,公安調査庁,,総務部,総務課,,,予算第一・第二係,data
法務省,法務省,人権擁護局,,人権啓発課,,,人権啓発第一係,data
法務省,法務省,人権擁護局,,人権啓発課,,,人権啓発第二係,data
法務省,法務省,人権擁護局,,総務課,,,委員係,data
法務省,法務省,人権擁護局,,調査救済課,,,調査救済第一係,data
法務省,法務省,保護局,,総務課,,,予算係,data
法務省,法務省,出入国在留管理庁,,総務課,,,調達係,data
法務省,法務省,刑事局,,総務課,,,予算第二係,data
法務省,法務省,大臣官房,,人事課,,,司法試験第一係,data
法務省,法務省,大臣官房,,国際課,,,国際政策第一係,data
法務省,法務省,大臣官房,,国際課,,,国際政策第二係,data
法務省,法務省,大臣官房,,国際課,,,国際政策第四係,data
法務省,法務省,大臣官房,,施設課,,,予算第二係,data
法務省,法務省,大臣官房,,秘書課,企画再犯防止推進室,,,data
法務省,法務省,大臣官房,,秘書課,政策立案・情報管理室,,,data
法務省,法務省,大臣官房,司法法制部,司法法制課,,,司法制度第二係,data
法務省,法務省,大臣官房,司法法制部,司法法制課,,,総合法律支援第一係,data
法務省,法務省,大臣官房,司法法制部,審査監督課,,,債権回収企画係,data
法務省,法務省,大臣官房,司法法制部,審査監督課,,,紛争解決業務認証第二係,data
法務省,法務省,民事局,,総務課,,,予算係,data
法務省,法務省,民事局,,総務課,,,給与係,data
法務省,法務省,民事局,,総務課,登記情報管理室,,管理係,data
法務省,法務省,民事局,,総務課,登記情報管理室,,資金係,data
法務省,法務省,法務総合研究所,総務企画部,総務課,,,経理係,data
法務省,法務省,矯正局,,総務課,,,予算係,data
法務省,法務省,訟務局,,訟務企画課,,,予算係,data
消費者庁,消費者庁,,,参事官(公益通報・協働担当),,,,data
消費者庁,消費者庁,,,参事官(調査研究・国際担当),,,,data
消費者庁,消費者庁,,,取引対策課,,,,data
消費者庁,消費者庁,,,取引対策課,取引デジタルプラットフォーム消費者保護室,,,data
消費者庁,消費者庁,,,地方協力課,,,,data
消費者庁,消費者庁,,,消費者制度課,,,,data
消費者庁,消費者庁,,,消費者安全課,,,,data
消費者庁,消費者庁,,,消費者安全課,事故調査室,,,data
消費者庁,消費者庁,,,消費者政策課,,,,data
消費者庁,消費者庁,,,消費者教育推進課,,,,data
消費者庁,消費者庁,,,表示対策課,,,,data
消費者庁,消費者庁,,,食品衛生基準審査課,,,,data
消費者庁,消費者庁,,,食品表示課,,,,data
環境省,環境省,地球環境局,,国際脱炭素移行推進・環境インフラ担当参事官室,,,,data
環境省,環境省,地球環境局,,国際連携課,,,,data
環境省,環境省,地球環境局,,国際連携課,気候変動国際交渉室,,,data
環境省,環境省,地球環境局,,地球温暖化対策課,,,,data
環境省,環境省,地球環境局,,地球温暖化対策課,,,特別会計予算第一係,data
環境省,環境省,地球環境局,,地球温暖化対策課,,,特別会計評価・検証係,data
環境省,環境省,地球環境局,,地球温暖化対策課,フロン対策室,,,data
環境省,環境省,地球環境局,,地球温暖化対策課,地球温暖化対策事業室,,,data
環境省,環境省,地球環境局,,地球温暖化対策課,地球温暖化対策事業室,,住宅カーボンニュートラル係,data
環境省,環境省,地球環境局,,地球温暖化対策課,脱炭素ビジネス推進室,,,data
環境省,環境省,地球環境局,,地球温暖化対策課,脱炭素ライフスタイル推進室,,,data
環境省,環境省,地球環境局,,総務課,,,予算決算係,data
環境省,環境省,地球環境局,,総務課,気候変動科学・適応室,,,data
環境省,環境省,地球環境局,,総務課,気候変動観測研究戦略室,,,data
環境省,環境省,地球環境局,,総務課,脱炭素社会移行推進室,,,data
環境省,環境省,大臣官房,,会計課,庁舎管理室,,調整係,data
環境省,環境省,大臣官房,,地域政策課,地域循環共生圏推進室,,,data
環境省,環境省,大臣官房,,地域脱炭素事業推進課,,,,data
環境省,環境省,大臣官房,,地域脱炭素政策調整担当参事官室,,,,data
環境省,環境省,大臣官房,,環境影響評価課,,,,data
環境省,環境省,大臣官房,,環境経済課,,,,data
環境省,環境省,大臣官房,,環境経済課,,,経済的措置係,data
環境省,環境省,大臣官房,,環境経済課,市場メカニズム室,,,data
環境省,環境省,大臣官房,,秘書課,地方環境室,,,data
環境省,環境省,大臣官房,,総務課,,,法令係,data
環境省,環境省,大臣官房,,総務課,危機管理・災害対策室,,,data
環境省,環境省,大臣官房,,総務課,広報室,,広報係,data
環境省,環境省,大臣官房,,総務課,環境情報室,,,data
環境省,環境省,大臣官房,,総合政策課,,,,data
環境省,環境省,大臣官房,,総合政策課,企画評価・政策プロモーション室,,,data
環境省,環境省,大臣官房,,総合政策課,民間活動支援室,,,data
環境省,環境省,大臣官房,,総合政策課,環境教育推進室,,,data
環境省,環境省,大臣官房,,総合政策課,環境研究技術室,,,data
環境省,環境省,大臣官房,,総合政策課,環境研究技術室,,調整係,data
環境省,環境省,大臣官房,,総合政策課,環境計画室,,,data
環境省,環境省,大臣官房,環境保健部,企画課,保健業務室,,,data
環境省,環境省,大臣官房,環境保健部,企画課,熱中症対策室,,,data
環境省,環境省,大臣官房,環境保健部,企画課,特殊疾病対策室,,,data
環境省,環境省,大臣官房,環境保健部,企画課,石綿健康被害対策室,,,data
環境省,環境省,大臣官房,環境保健部,化学物質安全課,,,,data
環境省,環境省,大臣官房,環境保健部,化学物質安全課,化学物質審査室,,,data
環境省,環境省,大臣官房,環境保健部,化学物質安全課,環境リスク評価室,,,data
環境省,環境省,大臣官房,環境保健部,放射線健康管理担当参事官室,,,総括第一係,data
環境省,環境省,水・大気環境局,,モビリティ環境対策課,,,,data
環境省,環境省,水・大気環境局,,モビリティ環境対策課,脱炭素モビリティ事業室,,,data
環境省,環境省,水・大気環境局,,海洋環境課,,,,data
環境省,環境省,水・大気環境局,,海洋環境課,海域環境管理室,,,data
環境省,環境省,水・大気環境局,,環境管理課,,,,data
環境省,環境省,水・大気環境局,,環境管理課,,,水循環係,data
環境省,環境省,水・大気環境局,,環境管理課,水道水質・衛生管理室,,,data
環境省,環境省,水・大気環境局,,環境管理課,環境汚染対策室,,,data
環境省,環境省,水・大気環境局,,環境管理課,環境汚染対策室,,大気汚染対策係,data
環境省,環境省,水・大気環境局,,環境管理課,農薬環境管理室,,,data
環境省,環境省,水・大気環境局,,総務課,,,,data
環境省,環境省,環境再生・資源循環局,,廃棄物規制課,,,,data
環境省,環境省,環境再生・資源循環局,,廃棄物適正処理推進課,,,,data
環境省,環境省,環境再生・資源循環局,,廃棄物適正処理推進課,浄化槽推進室,,,data
環境省,環境省,環境再生・資源循環局,,環境再生事業担当参事官室,,,,data
環境省,環境省,環境再生・資源循環局,,環境再生事業担当参事官室,災害廃棄物対策室,,,data
環境省,環境省,環境再生・資源循環局,,環境再生事業担当参事官室,環境再生事業担当参事官付不法投棄原状回復事業対策室,,,data
環境省,環境省,環境再生・資源循環局,,環境再生事業担当参事官室,福島再生・未来志向プロジェクト推進室,,,data
環境省,環境省,環境再生・資源循環局,,環境再生施設整備担当参事官室,環境再生施設整備担当参事官付ポリ塩化ビフェニル廃棄物処理推進室,,,data
環境省,環境省,環境再生・資源循環局,,総務課,,,,data
環境省,環境省,環境再生・資源循環局,,総務課,リサイクル推進室,,,data
環境省,環境省,環境再生・資源循環局,,総務課,容器包装・プラスチック資源循環室,,,data
環境省,環境省,環境再生・資源循環局,,総務課,循環型社会推進室,,,data
環境省,環境省,環境調査研修所,,,,,,data
環境省,環境省,環境調査研修所,国立水俣病総合研究センター,総務課,,,経理係,data
環境省,環境省,自然環境局,,,,,,data
環境省,環境省,自然環境局,,国立公園課,,,,data
環境省,環境省,自然環境局,,国立公園課,国立公園利用推進室,,,data
環境省,環境省,自然環境局,,総務課,動物愛護管理室,,,data
環境省,環境省,自然環境局,,総務課,国民公園室,,,data
環境省,環境省,自然環境局,,自然環境整備課,,,,data
環境省,環境省,自然環境局,,自然環境整備課,温泉地保護利用推進室,,,data
環境省,環境省,自然環境局,,自然環境整備課,温泉地保護利用推進室,,温泉保護係,data
環境省,環境省,自然環境局,,自然環境計画課,,,,data
環境省,環境省,自然環境局,,自然環境計画課,,,企画係,data
環境省,環境省,自然環境局,,自然環境計画課,生物多様性センター,,,data
環境省,環境省,自然環境局,,自然環境計画課,生物多様性主流化室,,,data
環境省,環境省,自然環境局,,自然環境計画課,生物多様性戦略推進室,,,data
環境省,環境省,自然環境局,,野生生物課,,,,data
環境省,環境省,自然環境局,,野生生物課,外来生物対策室,,,data
環境省,環境省,自然環境局,,野生生物課,希少種保全推進室,,,data
環境省,環境省,自然環境局,,野生生物課,鳥獣保護管理室,,,data
環境省,環境省,自然環境局,,野生生物課,鳥獣保護管理室,,指定管理鳥獣係,data
経済産業省,特許庁,,審査業務部,出願課,国際出願室,企画調査班,,data
経済産業省,特許庁,,審査業務部,商標課,,総括班,,data
経済産業省,特許庁,,審査第一部,調整課,審査推進室,審査推進企画班,,data
経済産業省,特許庁,,審査第一部,調整課,審査推進室,電子情報計画班,,data
経済産業省,特許庁,,総務部,企画調査課,,,,data
経済産業省,特許庁,,総務部,企画調査課,,企画班,,data
経済産業省,特許庁,,総務部,企画調査課,,総括班,,data
経済産業省,特許庁,,総務部,会計課,,施設管理班,,data
経済産業省,特許庁,,総務部,会計課,,総括班,予算係,data
経済産業省,特許庁,,総務部,国際協力課,,国際班,,data
経済産業省,特許庁,,総務部,普及支援課,,地域調整班,地域業務第一係,data
経済産業省,特許庁,,総務部,普及支援課,,地域調整班,地域調整係,data
経済産業省,特許庁,,総務部,普及支援課,,支援企画班,,data
経済産業省,特許庁,,総務部,総務課,,調整班,,data
経済産業省,特許庁,,総務部,総務課,広報室,,,data
経済産業省,特許庁,,総務部,総務課,情報技術統括室,情報技術企画班,情報技術企画係,data
経済産業省,特許庁,,総務部,総務課,独立行政法人工業所有権情報・研修館室,,,data
経済産業省,経済産業省,イノベーション・環境局,,国際室,,,,data
経済産業省,経済産業省,イノベーション・環境局,,国際標準課,,,,data
経済産業省,経済産業省,イノベーション・環境局,,国際電気標準課,,,,data
経済産業省,経済産業省,イノベーション・環境局,,基準認証政策課,,,,data
経済産業省,経済産業省,イノベーション・環境局,,大学連携推進室,,,,data
経済産業省,経済産業省,イノベーション・環境局,,経済産業省イノベーション・環境局イノベーション創出新事業推進課,,,,data
経済産業省,経済産業省,イノベーション・環境局,,経済産業省イノベーション・環境局イノベーション創出新事業推進課,スタートアップ推進室,,,data
経済産業省,経済産業省,イノベーション・環境局,,経済産業省イノベーション・環境局イノベーション政策課,,,,data
経済産業省,経済産業省,イノベーション・環境局,,経済産業省イノベーション・環境局イノベーション政策課,フロンティア推進室,,,data
経済産業省,経済産業省,イノベーション・環境局,,総務課,,,,data
経済産業省,経済産業省,イノベーション・環境局,,総務課,産業技術法人室,,,data
経済産業省,経済産業省,イノベーション・環境局,,計量行政室,,,,data
経済産業省,経済産業省,イノベーション・環境局GXグループ,,地球環境対策室,,,,data
経済産業省,経済産業省,イノベーション・環境局GXグループ,,環境政策課,,,,data
経済産業省,経済産業省,イノベーション・環境局GXグループ,,環境政策課,GX推進企画室,,,data
経済産業省,経済産業省,イノベーション・環境局GXグループ,,環境経済室,,,,data
経済産業省,経済産業省,イノベーション・環境局GXグループ,,環境金融室,,,,data
経済産業省,経済産業省,イノベーション・環境局GXグループ,,脱炭素成長型経済構造移行投資促進課,エネルギー・環境イノベーション戦略室,,,data
経済産業省,経済産業省,イノベーション・環境局GXグループ,,資源循環経済課,,,,data
経済産業省,経済産業省,イノベーション・環境局GXグループ,,資源循環経済課環境管理推進室,,,,data
経済産業省,経済産業省,中小企業庁,事業環境部,取引課,,,,data
経済産業省,経済産業省,中小企業庁,事業環境部,調査室,,,,data
経済産業省,経済産業省,中小企業庁,事業環境部,財務課,,,,data
経済産業省,経済産業省,中小企業庁,事業環境部,金融課,,,,data
経済産業省,経済産業省,中小企業庁,経営支援部,創業・新事業促進室,,,,data
経済産業省,経済産業省,中小企業庁,経営支援部,商業課,,,,data
経済産業省,経済産業省,中小企業庁,経営支援部,小規模企業振興課,,,,data
経済産業省,経済産業省,中小企業庁,経営支援部,技術・経営革新室,,,,data
経済産業省,経済産業省,中小企業庁,経営支援部,経営支援課,,,,data
経済産業省,経済産業省,中小企業庁,長官官房,総務課,,,,data
経済産業省,経済産業省,中小企業庁,長官官房,総務課,訟務・債権管理室,,,data
経済産業省,経済産業省,商務情報政策局,,サイバーセキュリティ課,,,,data
経済産業省,経済産業省,商務情報政策局,,国際室,,,,data
経済産業省,経済産業省,商務情報政策局,,情報技術利用促進課,,,,data
経済産業省,経済産業省,商務情報政策局,,情報産業課,,,,data
経済産業省,経済産業省,商務情報政策局,,情報産業課,情報処理基盤産業室,,,data
経済産業省,経済産業省,商務情報政策局,,情報経済課,,,,data
経済産業省,経済産業省,商務情報政策局,,情報経済課,アーキテクチャ戦略企画室,,,data
経済産業省,経済産業省,商務情報政策局,,情報経済課,デジタル取引環境整備室,,,data
経済産業省,経済産業省,商務情報政策局,,総務課,,,,data
経済産業省,経済産業省,商務情報政策局,,電池産業課,,,,data
経済産業省,経済産業省,商務情報政策局商務・サービスG,,キャッシュレス推進室,,,,data
経済産業省,経済産業省,商務情報政策局商務・サービスG,,サービス政策課,,,,data
経済産業省,経済産業省,商務情報政策局商務・サービスG,,サービス政策課,教育産業室,,,data
経済産業省,経済産業省,商務情報政策局商務・サービスG,,ヘルスケア産業課,,,,data
経済産業省,経済産業省,商務情報政策局商務・サービスG,,ヘルスケア産業課,医療・福祉機器産業室,,,data
経済産業省,経済産業省,商務情報政策局商務・サービスG,,博覧会推進室,,,,data
経済産業省,経済産業省,商務情報政策局商務・サービスG,,参事官室,,,,data
経済産業省,経済産業省,商務情報政策局商務・サービスG,,商品市場整備室,,,,data
経済産業省,経済産業省,商務情報政策局商務・サービスG,,文化創造産業課,,,,data
経済産業省,経済産業省,商務情報政策局商務・サービスG,,文化創造産業課,伝統的工芸品産業室,,,data
経済産業省,経済産業省,商務情報政策局商務・サービスG,,消費・流通政策課,,,,data
経済産業省,経済産業省,商務情報政策局商務・サービスG,,物流企画室,,,,data
経済産業省,経済産業省,商務情報政策局商務・サービスG,,生物化学産業課,,,,data
経済産業省,経済産業省,大臣官房,,デジタル・トランスフォーメーション室,,,,data
経済産業省,経済産業省,大臣官房,,厚生企画室,,,,data
経済産業省,経済産業省,大臣官房,,地方調整室,,,,data
経済産業省,経済産業省,大臣官房,,情報システム室,,,,data
経済産業省,経済産業省,大臣官房産業保安・安全G,,ガス安全室,,,,data
経済産業省,経済産業省,大臣官房産業保安・安全G,,保安政策課,,,,data
経済産業省,経済産業省,大臣官房産業保安・安全G,,化学物質管理課,,,,data
経済産業省,経済産業省,大臣官房産業保安・安全G,,化学物質管理課,オゾン層保護等推進室,,,data
経済産業省,経済産業省,大臣官房産業保安・安全G,,産業保安企画室,,,,data
経済産業省,経済産業省,大臣官房産業保安・安全G,,鉱山・火薬類監理官付,,,,data
経済産業省,経済産業省,大臣官房産業保安・安全G,,電力安全課,,,,data
経済産業省,経済産業省,大臣官房福島復興推進G,,福島新産業・雇用創出推進室,,,,data
経済産業省,経済産業省,大臣官房福島復興推進G,,総合調整室,,,,data
経済産業省,経済産業省,大臣官房調査統計G,,総合調整室,,,,data
経済産業省,経済産業省,経済産業政策局,,地域産業基盤整備課,,,,data
経済産業省,経済産業省,経済産業政策局,,地域経済産業政策課,,,,data
経済産業省,経済産業省,経済産業政策局,,投資促進課,,,,data
経済産業省,経済産業省,経済産業政策局,,産業人材課,,,,data
経済産業省,経済産業省,経済産業政策局,,産業構造課,,,,data
経済産業省,経済産業省,経済産業政策局,,産業資金課,,,,data
経済産業省,経済産業省,経済産業政策局,,競争環境整備室,,,,data
経済産業省,経済産業省,経済産業政策局,,総務課,,,,data
経済産業省,経済産業省,経済産業政策局,,調査課,,,,data
経済産業省,経済産業省,製造産業局,,ロボット政策室,,,,data
経済産業省,経済産業省,製造産業局,,宇宙産業課,,,,data
経済産業省,経済産業省,製造産業局,,生活製品課,,,,data
経済産業省,経済産業省,製造産業局,,生活製品課,住宅産業室,,,data
経済産業省,経済産業省,製造産業局,,産業機械課,,,,data
経済産業省,経済産業省,製造産業局,,素形材産業室,,,,data
経済産業省,経済産業省,製造産業局,,素材産業課,,,,data
経済産業省,経済産業省,製造産業局,,総務課,,,,data
経済産業省,経済産業省,製造産業局,,自動車課,,,,data
経済産業省,経済産業省,製造産業局,,自動車課,モビリティDX室,,,data
経済産業省,経済産業省,製造産業局,,航空機武器産業課,,,,data
経済産業省,経済産業省,製造産業局,,航空機武器産業課,次世代空モビリティ政策室,,,data
経済産業省,経済産業省,製造産業局,,製造産業戦略企画室,,,,data
経済産業省,経済産業省,製造産業局,,金属課,,,,data
経済産業省,経済産業省,製造産業局,,金属課,金属技術室,,,data
経済産業省,経済産業省,製造産業局,,鉱物課,,,,data
経済産業省,経済産業省,貿易経済安全保障局,,経済産業省貿易経済安全保障局経済安全保障政策課,,,,data
経済産業省,経済産業省,資源エネルギー庁,省エネルギー・新エネルギー部,政策課,制度審議室,,,data
経済産業省,経済産業省,資源エネルギー庁,省エネルギー・新エネルギー部,新エネルギーシステム課,,,,data
経済産業省,経済産業省,資源エネルギー庁,省エネルギー・新エネルギー部,新エネルギー課,,,,data
経済産業省,経済産業省,資源エネルギー庁,省エネルギー・新エネルギー部,新エネルギー課,風力政策室,,,data
経済産業省,経済産業省,資源エネルギー庁,省エネルギー・新エネルギー部,水素・アンモニア課,,,,data
経済産業省,経済産業省,資源エネルギー庁,省エネルギー・新エネルギー部,省エネルギー課,,,,data
経済産業省,経済産業省,資源エネルギー庁,資源・燃料部,政策課,,,,data
経済産業省,経済産業省,資源エネルギー庁,資源・燃料部,燃料供給基盤整備課,,,,data
経済産業省,経済産業省,資源エネルギー庁,資源・燃料部,燃料供給基盤整備課,燃料流通政策室,,,data
経済産業省,経済産業省,資源エネルギー庁,資源・燃料部,燃料環境適合利用推進課,,,,data
経済産業省,経済産業省,資源エネルギー庁,資源・燃料部,資源開発課,,,,data
経済産業省,経済産業省,資源エネルギー庁,資源・燃料部,資源開発課,石炭政策室,,,data
経済産業省,経済産業省,資源エネルギー庁,長官官房,国際課,,,,data
経済産業省,経済産業省,資源エネルギー庁,長官官房,国際課,海外エネルギーインフラ室,,,data
経済産業省,経済産業省,資源エネルギー庁,長官官房,総務課,,,,data
経済産業省,経済産業省,資源エネルギー庁,長官官房,総務課,会計室,,,data
経済産業省,経済産業省,資源エネルギー庁,長官官房,総務課,戦略企画室,,,data
経済産業省,経済産業省,資源エネルギー庁,電力・ガス事業部,ガス市場整備室,,,,data
経済産業省,経済産業省,資源エネルギー庁,電力・ガス事業部,原子力政策課,,,,data
経済産業省,経済産業省,資源エネルギー庁,電力・ガス事業部,原子力政策課,原子力国際協力推進室,,,data
経済産業省,経済産業省,資源エネルギー庁,電力・ガス事業部,原子力発電所事故収束対応室,,,,data
経済産業省,経済産業省,資源エネルギー庁,電力・ガス事業部,原子力立地・核燃料サイクル産業課,,,,data
経済産業省,経済産業省,資源エネルギー庁,電力・ガス事業部,原子力立地・核燃料サイクル産業課,原子力立地政策室,,,data
経済産業省,経済産業省,資源エネルギー庁,電力・ガス事業部,放射性廃棄物対策課,,,,data
経済産業省,経済産業省,資源エネルギー庁,電力・ガス事業部,電力基盤整備課,,,,data
経済産業省,経済産業省,資源エネルギー庁,電力・ガス事業部,電力基盤整備課,電源地域整備室,,,data
経済産業省,経済産業省,資源エネルギー庁,電力・ガス事業部,電力産業・市場室,,,,data
経済産業省,経済産業省,通商政策局,,アジア大洋州課,,,,data
経済産業省,経済産業省,通商政策局,,ロシア・中央アジア・コーカサス室,,,,data
経済産業省,経済産業省,通商政策局,,北東アジア課,,,,data
経済産業省,経済産業省,通商政策局,,技術・人材協力室,,,,data
経済産業省,経済産業省,通商政策局,,欧州課,,,,data
経済産業省,経済産業省,通商政策局,,総務課,,,,data
経済産業省,経済産業省,通商政策局,,貿易振興課,,,,data
経済産業省,経済産業省,通商政策局,,通商金融課,,,,data
経済産業省,経済産業省,通商政策局,,韓国室,,,,data
経済産業省,経済産業省,通商政策局,国際経済部,参事官付,,,,data
経済産業省,経済産業省,通商政策局,国際経済部,経済産業省通商政策局国際経済部アジア太平洋地域協力推進室,,,,data
経済産業省,経済産業省,通商政策局,国際経済部,経済産業省通商政策局国際経済部経済連携課,,,,data
総務省,公害等調整委員会,公害等調整委員会事務局,,総務課,,,,data
総務省,消防庁,消防庁,,予防課,,,,data
総務省,消防庁,消防庁,,予防課,危険物保安室,,,data
総務省,消防庁,消防庁,,予防課,特殊災害室,,,data
総務省,消防庁,消防庁,,消防・救急課,,,,data
総務省,消防庁,消防庁,,消防・救急課,救急企画室,,,data
総務省,消防庁,消防庁,,総務課,,,,data
総務省,消防庁,消防庁,国民保護・防災部,参事官室,,,,data
総務省,消防庁,消防庁,国民保護・防災部,防災課,,,,data
総務省,消防庁,消防庁,国民保護・防災部,防災課,国民保護運用室,,,data
総務省,消防庁,消防庁,国民保護・防災部,防災課,地域防災室,,,data
総務省,消防庁,消防庁,国民保護・防災部,防災課,広域応援室,,,data
総務省,消防庁,消防庁,国民保護・防災部,防災課,防災情報室,,,data
総務省,消防庁,消防庁消防大学校,,庶務課,,,,data
総務省,消防庁,消防庁消防大学校,消防研究センター,,,,,data
総務省,総務省,サイバーセキュリティ統括官室,,,,,,data
総務省,総務省,国際戦略局,,参事官,,,,data
総務省,総務省,国際戦略局,,国際展開課,,,,data
総務省,総務省,国際戦略局,,国際戦略課,,,,data
総務省,総務省,国際戦略局,,国際戦略課,投資審査室,,,data
総務省,総務省,国際戦略局,,国際経済課,多国間経済室,,,data
総務省,総務省,国際戦略局,,宇宙通信政策課,,,,data
総務省,総務省,国際戦略局,,宇宙通信政策課,,,衛星開発係,data
総務省,総務省,国際戦略局,,技術政策課,,,,data
総務省,総務省,国際戦略局,,技術政策課,研究推進室,,,data
総務省,総務省,国際戦略局,,通信規格課,,,,data
総務省,総務省,大臣官房,,企画課,サイバーセキュリティ・情報化推進室,,,data
総務省,総務省,大臣官房,,総務課,管理室,,,data
総務省,総務省,情報流通行政局,,,参事官,,,data
総務省,総務省,情報流通行政局,,地上放送課,,,,data
総務省,総務省,情報流通行政局,,地域通信振興課,,,,data
総務省,総務省,情報流通行政局,,地域通信振興課,デジタル経済推進室,,,data
総務省,総務省,情報流通行政局,,情報流通振興課,,,,data
総務省,総務省,情報流通行政局,,情報流通振興課,情報活用支援室,,,data
総務省,総務省,情報流通行政局,,情報流通振興課,情報流通適正化推進室,,,data
総務省,総務省,情報流通行政局,,情報通信作品振興課,,,,data
総務省,総務省,情報流通行政局,,情報通信作品振興課,放送コンテンツ海外流通推進室,,,data
総務省,総務省,情報流通行政局,,情報通信政策課,情報通信経済室,,,data
総務省,総務省,情報流通行政局,,放送政策課,,,,data
総務省,総務省,情報流通行政局,,衛星・地域放送課,,,,data
総務省,総務省,情報流通行政局,,衛星・地域放送課,地域放送推進室,,,data
総務省,総務省,情報流通行政局,郵政行政部,企画課,,,,data
総務省,総務省,情報流通行政局,郵政行政部,郵便課,,,,data
総務省,総務省,情報流通行政局,郵政行政部,郵便課,国際企画室,,,data
総務省,総務省,政策統括官(恩給担当)室,,恩給管理官室,恩給経理官室,,,data
総務省,総務省,政策統括官(統計制度担当)室,,国際統計管理官室,,,,data
総務省,総務省,政策統括官(統計制度担当)室,,国際統計管理官室,国際研修協力官室,,,data
総務省,総務省,政策統括官(統計制度担当)室,,統計企画管理官室,,,,data
総務省,総務省,政策統括官(統計制度担当)室,,統計審査官室,,,,data
総務省,総務省,統計局,,統計情報システム管理官,,,,data
総務省,総務省,統計局,,総務課,,,企画調整係,data
総務省,総務省,統計局,統計調査部,調査企画課,,,,data
総務省,総務省,統計研究研修所,管理・研修部,研修企画課,,,,data
総務省,総務省,総合通信基盤局,電気通信事業部,データ通信課,,,,data
総務省,総務省,総合通信基盤局,電気通信事業部,事業政策課,,,,data
総務省,総務省,総合通信基盤局,電気通信事業部,利用環境課,,,,data
総務省,総務省,総合通信基盤局,電気通信事業部,基盤整備促進課,,,,data
総務省,総務省,総合通信基盤局,電気通信事業部,安全・信頼性対策課,,,,data
総務省,総務省,総合通信基盤局,電気通信事業部,料金サービス課,,,,data
総務省,総務省,総合通信基盤局,電気通信事業部,料金サービス課,消費者契約適正化推進室,,,data
総務省,総務省,総合通信基盤局,電気通信事業部,電気通信技術システム課,,,,data
総務省,総務省,総合通信基盤局,電波部,基幹・衛星移動通信課,,,,data
総務省,総務省,総合通信基盤局,電波部,基幹・衛星移動通信課,基幹通信室,,,data
総務省,総務省,総合通信基盤局,電波部,基幹・衛星移動通信課,重要無線室,,,data
総務省,総務省,総合通信基盤局,電波部,基幹・衛星移動通信課,重要無線室,,システム開発係,data
総務省,総務省,総合通信基盤局,電波部,移動通信課,,,,data
総務省,総務省,総合通信基盤局,電波部,移動通信課,新世代移動通信システム推進室,,,data
総務省,総務省,総合通信基盤局,電波部,電波政策課,,,,data
総務省,総務省,総合通信基盤局,電波部,電波政策課,,,開発係,data
総務省,総務省,総合通信基盤局,電波部,電波政策課,国際周波数政策室,,,data
総務省,総務省,総合通信基盤局,電波部,電波政策課,電波利用料企画室,,,data
総務省,総務省,総合通信基盤局,電波部,電波環境課,,,,data
総務省,総務省,総合通信基盤局,電波部,電波環境課,監視管理室,,,data
総務省,総務省,自治大学校,研究部,,,,,data
総務省,総務省,自治税務局,,企画課,総務室,,人事係,data
総務省,総務省,自治行政局,,住民制度課,,,,data
総務省,総務省,自治行政局,,住民制度課,デジタル基盤推進室,,,data
総務省,総務省,自治行政局,,住民制度課,マイナンバー制度支援室,,,data
総務省,総務省,自治行政局,,国際室,,,,data
総務省,総務省,自治行政局,,地域DX推進室,,,,data
総務省,総務省,自治行政局,,地域政策課,,,,data
総務省,総務省,自治行政局,,地域政策課,,,地域の元気創造推進係,data
総務省,総務省,自治行政局,,地域政策課,地域情報化企画室,,,data
総務省,総務省,自治行政局,,地域政策課,地域情報化企画室,,地域情報化第二係,data
総務省,総務省,自治行政局,,地域自立応援課,,,,data
総務省,総務省,自治行政局,,地域自立応援課,地域振興室,,,data
総務省,総務省,自治行政局,,地域自立応援課,過疎対策室,,,data
総務省,総務省,自治行政局,,市町村課,,,,data
総務省,総務省,自治行政局,,市町村課,行政経営支援室,,,data
総務省,総務省,自治行政局,,行政課,,,,data
総務省,総務省,自治行政局,,行政課,総務室,,,data
総務省,総務省,自治行政局,公務員部,公務員課,応援派遣室,,,data
総務省,総務省,自治行政局,公務員部,公務員課,給与能率推進室,,,data
総務省,総務省,自治行政局,選挙部,政治資金課,政党助成室,,,data
総務省,総務省,自治行政局,選挙部,管理課,,,,data
総務省,総務省,自治行政局,選挙部,管理課,,,選挙管理第二係,data
総務省,総務省,自治行政局,選挙部,選挙課,,,,data
総務省,総務省,自治財政局,,財政課,総務室,,,data
総務省,総務省,行政管理局,,企画調整課,,,,data
総務省,総務省,行政管理局,,公共サービス改革推進室,,,,data
総務省,総務省,行政管理局,,管理官室,,,,data
総務省,総務省,行政管理局,,調査法制課,,,,data
総務省,総務省,行政評価局,,総務課,,,,data
警察庁,警察庁,,,,,,,data
警察庁,警察庁,皇宮警察本部,,会計課,,,,data
警察庁,警察庁,科学警察研究所,総務部,会計課,,,,data
警察庁,警察庁,警察庁,サイバー警察局,サイバー企画課,,,,data
警察庁,警察庁,警察庁,サイバー警察局,サイバー捜査課,,,,data
警察庁,警察庁,警察庁,交通局,交通企画課,,,,data
警察庁,警察庁,警察庁,交通局,交通指導課,,,,data
警察庁,警察庁,警察庁,交通局,交通規制課,,,,data
警察庁,警察庁,警察庁,刑事局,刑事企画課,,,,data
警察庁,警察庁,警察庁,刑事局,犯罪鑑識官,,,,data
警察庁,警察庁,警察庁,刑事局組織犯罪対策部,国際捜査管理官,,,,data
警察庁,警察庁,警察庁,刑事局組織犯罪対策部,組織犯罪対策第一課,,,,data
警察庁,警察庁,警察庁,刑事局組織犯罪対策部,組織犯罪対策第二課,,,,data
警察庁,警察庁,警察庁,生活安全局,人身安全・少年課,,,,data
警察庁,警察庁,警察庁,生活安全局,生活安全企画課,,,,data
警察庁,警察庁,警察庁,警備局,警備企画課,,,,data
警察庁,警察庁,警察庁,警備局警備運用部,警備第一課,,,,data
警察庁,警察庁,警察庁,警備局警備運用部,警備第三課,,,,data
警察庁,警察庁,警察庁,警備局警備運用部,警備第二課,,,,data
警察庁,警察庁,警察庁,長官官房,人事課,(教養),,,data
警察庁,警察庁,警察庁,長官官房,企画課,,,,data
警察庁,警察庁,警察庁,長官官房,会計課,,,,data
警察庁,警察庁,警察庁,長官官房,会計課装備室,,,,data
警察庁,警察庁,警察庁,長官官房,技術企画課,,,,data
警察庁,警察庁,警察庁,長官官房,犯罪被害者等施策推進課,,,,data
警察庁,警察庁,警察庁,長官官房,通信基盤課,,,,data
財務省,国税庁,国税庁,課税部,酒税課,,,,data
財務省,国税庁,国税庁,課税部,酒税課酒類業振興・輸出促進室,,,,data
財務省,国税庁,国税庁,課税部,鑑定企画官,,,,data
財務省,国税庁,国税庁,長官官房,主任税務相談官,,,,data
財務省,国税庁,国税庁,長官官房,会計課,,,,data
財務省,国税庁,国税庁,長官官房,広報広聴室,,,,data
財務省,財務省,主税局,,参事官室,,,,data
財務省,財務省,主税局,,調査課,,,,data
財務省,財務省,主計局,,給与共済課,,,,data
財務省,財務省,国際局,,国際機構課,,,,data
財務省,財務省,国際局,,国際機構課,資金移転対策室,,,data
財務省,財務省,国際局,,地域協力課,,,,data
財務省,財務省,国際局,,開発政策課,,,,data
財務省,財務省,国際局,,開発機関課,,,,data
財務省,財務省,大臣官房,,会計課,管理室,,,data
財務省,財務省,大臣官房,,信用機構課,,,,data
財務省,財務省,大臣官房,,地方課,,,,data
財務省,財務省,大臣官房,,政策金融課,,,,data
財務省,財務省,大臣官房,,文書課,広報室,,,data
財務省,財務省,理財局,,国庫課,,,,data
財務省,財務省,理財局,,国庫課,通貨企画調整室,,,data
財務省,財務省,理財局,,国有財産企画課,,,,data
財務省,財務省,理財局,,国有財産業務課,,,,data
財務省,財務省,理財局,,国有財産調整課,,,,data
財務省,財務省,財務総合政策研究所,,総務研究部,,,,data
財務省,財務省,関税中央分析所,,,第一調査研究室,,,data
財務省,財務省,関税局,,監視課,,,,data
財務省,財務省,関税局,,総務課,,,,data
財務省,財務省,関税局,,調査課,,,,data
財務省,財務省,関税局,,関税課,参事官室(国際協力担当),,,data
農林水産省,林野庁,,国有林野部,業務課,,,,data
農林水産省,林野庁,,国有林野部,管理課,,,,data
農林水産省,林野庁,,林政部,企画課,,,,data
農林水産省,林野庁,,林政部,木材利用課,,,,data
農林水産省,林野庁,,林政部,木材産業課,,,,data
農林水産省,林野庁,,林政部,林政課,,,,data
農林水産省,林野庁,,林政部,経営課,林業労働・経営対策室,,,data
農林水産省,林野庁,,森林整備部,整備課,,,,data
農林水産省,林野庁,,森林整備部,整備課,造林間伐対策室,,,data
農林水産省,林野庁,,森林整備部,森林利用課,,,,data
農林水産省,林野庁,,森林整備部,治山課,,,,data
農林水産省,林野庁,,森林整備部,研究指導課,,,,data
農林水産省,林野庁,,森林整備部,計画課,,,,data
農林水産省,林野庁,,森林整備部,計画課,海外林業協力室,,,data
農林水産省,水産庁,,増殖推進部,栽培養殖課,,,,data
農林水産省,水産庁,,増殖推進部,漁場資源課,,,,data
農林水産省,水産庁,,増殖推進部,研究指導課,,,,data
農林水産省,水産庁,,漁政部,企画課,,,,data
農林水産省,水産庁,,漁政部,加工流通課,,,,data
農林水産省,水産庁,,漁政部,水産経営課,,,,data
農林水産省,水産庁,,漁政部,水産経営課,指導室,,,data
農林水産省,水産庁,,漁政部,漁政課,,,,data
農林水産省,水産庁,,漁政部,漁業保険管理官,,,,data
農林水産省,水産庁,,漁港漁場整備部,整備課,,,,data
農林水産省,水産庁,,漁港漁場整備部,計画・海業政策課,,,,data
農林水産省,水産庁,,漁港漁場整備部,防災漁村課,,,,data
農林水産省,水産庁,,資源管理部,国際課,捕鯨室,,,data
農林水産省,水産庁,,資源管理部,国際課,海外漁業協力室,,,data
農林水産省,水産庁,,資源管理部,漁業取締課,,,,data
農林水産省,水産庁,,資源管理部,漁獲監理官(監理官),,,,data
農林水産省,水産庁,,資源管理部,管理調整課,,,,data
農林水産省,農林水産省,大臣官房,,予算課,,,,data
農林水産省,農林水産省,大臣官房,,地方課,,,,data
農林水産省,農林水産省,大臣官房,,地方課,災害総合対策室,,,data
農林水産省,農林水産省,大臣官房,,広報評価課,,,,data
農林水産省,農林水産省,大臣官房,,政策課,,,,data
農林水産省,農林水産省,大臣官房,,政策課,食料安全保障室,,,data
農林水産省,農林水産省,大臣官房,,文書課,,,,data
農林水産省,農林水産省,大臣官房,,環境バイオマス政策課,,,,data
農林水産省,農林水産省,大臣官房,新事業・食品産業部,外食・食文化課,,,,data
農林水産省,農林水産省,大臣官房,新事業・食品産業部,新事業・食品産業政策課,,,,data
農林水産省,農林水産省,大臣官房,新事業・食品産業部,新事業・食品産業政策課,ファイナンス室,,,data
農林水産省,農林水産省,大臣官房,新事業・食品産業部,食品流通課,,,,data
農林水産省,農林水産省,大臣官房,新事業・食品産業部,食品製造課,,,,data
農林水産省,農林水産省,大臣官房,新事業・食品産業部,食品製造課,原材料調達・品質管理改善室,,,data
農林水産省,農林水産省,大臣官房,統計部,経営・構造統計課,センサス統計室,,,data
農林水産省,農林水産省,大臣官房,統計部,統計企画管理官,,,,data
農林水産省,農林水産省,消費・安全局,,動物衛生課,,,,data
農林水産省,農林水産省,消費・安全局,,動物衛生課,家畜防疫対策室,,,data
農林水産省,農林水産省,消費・安全局,,植物防疫課,,,,data
農林水産省,農林水産省,消費・安全局,,消費者行政・食育課,,,,data
農林水産省,農林水産省,消費・安全局,,畜水産安全管理課,,,,data
農林水産省,農林水産省,消費・安全局,,総務課,,,,data
農林水産省,農林水産省,消費・安全局,,農産安全管理課,,,,data
農林水産省,農林水産省,消費・安全局,,食品安全政策課(一般会計),,,,data
農林水産省,農林水産省,畜産局,,企画課,,,,data
農林水産省,農林水産省,畜産局,,牛乳乳製品課,,,,data
農林水産省,農林水産省,畜産局,,畜産振興課,,,,data
農林水産省,農林水産省,畜産局,,畜産振興課,畜産技術室,,,data
農林水産省,農林水産省,畜産局,,総務課,,,,data
農林水産省,農林水産省,畜産局,,食肉鶏卵課,,,,data
農林水産省,農林水産省,畜産局,,飼料課,,,,data
農林水産省,農林水産省,畜産局,,飼料課,流通飼料対策室,,,data
農林水産省,農林水産省,経営局,,保険監理官,,,,data
農林水産省,農林水産省,経営局,,保険課,農業経営収入保険室(食料安定),,,data
農林水産省,農林水産省,経営局,,就農・女性課,,,,data
農林水産省,農林水産省,経営局,,就農・女性課,女性活躍推進室,,,data
農林水産省,農林水産省,経営局,,経営政策課,,,,data
農林水産省,農林水産省,経営局,,農地政策課,,,,data
農林水産省,農林水産省,経営局,,金融調整課,,,,data
農林水産省,農林水産省,輸出・国際局,,,,,新興地域グループ,data
農林水産省,農林水産省,輸出・国際局,,国際地域課,,海外連携グループ(グループ長),,data
農林水産省,農林水産省,輸出・国際局,,国際地域課,,規制対策グループ(グループ長),,data
農林水産省,農林水産省,輸出・国際局,,知的財産課,,,,data
農林水産省,農林水産省,輸出・国際局,,総務課,,,,data
農林水産省,農林水産省,輸出・国際局,,輸出企画課,,,,data
農林水産省,農林水産省,輸出・国際局,,輸出支援課,,,,data
農林水産省,農林水産省,農村振興局,整備部,土地改良企画課,,,,data
農林水産省,農林水産省,農村振興局,整備部,地域整備課,,,,data
農林水産省,農林水産省,農村振興局,整備部,水資源課,,,,data
農林水産省,農林水産省,農村振興局,整備部,設計課,,,,data
農林水産省,農林水産省,農村振興局,整備部,設計課,海外土地改良技術室,,,data
農林水産省,農林水産省,農村振興局,整備部,農地資源課,,,,data
農林水産省,農林水産省,農村振興局,整備部,防災課,,,,data
農林水産省,農林水産省,農村振興局,整備部,防災課,災害対策室,,,data
農林水産省,農林水産省,農村振興局,整備部,防災課,防災・減災対策室,,,data
農林水産省,農林水産省,農村振興局,農村政策部,地域振興課,,,,data
農林水産省,農林水産省,農村振興局,農村政策部,鳥獣対策・農村環境課,,,,data
農林水産省,農林水産省,農林水産技術会議事務局,,国際研究官,,,,data
農林水産省,農林水産省,農林水産技術会議事務局,,研究企画課,,,,data
農林水産省,農林水産省,農林水産技術会議事務局,,研究推進課,,,,data
農林水産省,農林水産省,農林水産技術会議事務局,,研究統括官,,,,data
農林水産省,農林水産省,農林水産技術会議事務局,,研究調整課,,,,data
農林水産省,農林水産省,農林水産技術会議事務局,,研究開発官,,,,data
農林水産省,農林水産省,農林水産政策研究所,,会計課,,,,data
農林水産省,農林水産省,農林水産政策研究所,,政策研究調整官室(首席),,,,data
農林水産省,農林水産省,農産局,,園芸作物課,,,,data
農林水産省,農林水産省,農産局,,園芸作物課,,果樹・茶グループ(グループ長),,data
農林水産省,農林水産省,農産局,,園芸作物課,園芸流通加工対策室,,,data
農林水産省,農林水産省,農産局,,園芸作物課,花き産業・施設園芸振興室,,,data
農林水産省,農林水産省,農産局,,地域作物課,,,,data
農林水産省,農林水産省,農産局,,穀物課,,,,data
農林水産省,農林水産省,農産局,,穀物課,米麦流通加工対策室,,,data
農林水産省,農林水産省,農産局,,穀物課,経営安定対策室,,,data
農林水産省,農林水産省,農産局,,総務課,生産推進室,,,data
農林水産省,農林水産省,農産局,農産政策部,企画課,,,,data
農林水産省,農林水産省,農産局,農産政策部,企画課,水田農業対策室,,,data
農林水産省,農林水産省,農産局,農産政策部,技術普及課,,,,data
農林水産省,農林水産省,農産局,農産政策部,貿易業務課,,,,data
農林水産省,農林水産省,農産局,農産政策部,農業環境対策課,,,,data
金融庁,金融庁,企画市場局,,企業開示課,,,,data
金融庁,金融庁,企画市場局,,市場課,,,成長資金企画係,data
金融庁,金融庁,企画市場局,,総務課,,,総務係,data
金融庁,金融庁,公認会計士・監査審査会事務局,,総務試験課,,,,data
金融庁,金融庁,監督局,,保険課,,,,data
金融庁,金融庁,監督局,,総務課,,,,data
金融庁,金融庁,監督局,,総務課,人材マッチング推進室,,,data
金融庁,金融庁,監督局,,総務課,監督調査室,,,data
金融庁,金融庁,監督局,,総務課,監督調査室,,調査企画第2係,data
金融庁,金融庁,監督局,,銀行第二課,地域金融企画室,,,data
金融庁,金融庁,総合政策局,,,IFIAR戦略企画本部IFIAR戦略企画室,,,data
金融庁,金融庁,総合政策局,,リスク分析総括課,,,,data
金融庁,金融庁,総合政策局,,リスク分析総括課,ITサイバー・経済安全保障監理官室,,,data
金融庁,金融庁,総合政策局,,リスク分析総括課,フィンテック参事官室,,,data
金融庁,金融庁,総合政策局,,リスク分析総括課,貸金業室,,,data
金融庁,金融庁,総合政策局,,リスク分析総括課,金融犯罪対策室,,,data
金融庁,金融庁,総合政策局,,秘書課,管理室,,,data
金融庁,金融庁,総合政策局,,総務課,国際室,,,data
金融庁,金融庁,総合政策局,,総務課,国際室,,グローバル金融連携係,data
金融庁,金融庁,総合政策局,,総務課,国際室,,国際企画第2係,data
金融庁,金融庁,総合政策局,,総務課,国際室,,国際保険第1係,data
金融庁,金融庁,総合政策局,,総務課,国際室,,国際協力係,data
金融庁,金融庁,総合政策局,,総務課,国際室,,国際機構第1係,data
金融庁,金融庁,総合政策局,,総務課,国際室,,総括係,data
金融庁,金融庁,総合政策局,,総務課,国際資金洗浄対策室,,,data
金融庁,金融庁,総合政策局,,総務課,審判手続室,,,data
金融庁,金融庁,総合政策局,,総合政策課,,,,data
金融庁,金融庁,総合政策局,,総合政策課,研究開発室,,,data
金融庁,金融庁,証券取引等監視委員会事務局,,市場分析審査課,,,,data
防衛省,防衛省,,内部部局/人事教育局,人事計画・補任課,,制度企画班,,data
防衛省,防衛省,,内部部局/人事教育局,人事計画・補任課,,総括班,総括係,data
防衛省,防衛省,,内部部局/人事教育局,人材育成課,,,,data
防衛省,防衛省,,内部部局/人事教育局,人材育成課,,人材育成室,,data
防衛省,防衛省,,内部部局/人事教育局,人材育成課,人材確保推進室,,,data
防衛省,防衛省,,内部部局/人事教育局,人材育成課,援護企画室,,,data
防衛省,防衛省,,内部部局/人事教育局,厚生課,,,,data
防衛省,防衛省,,内部部局/人事教育局,衛生官,,,,data
防衛省,防衛省,,内部部局/人事教育局,衛生官,,総括班,,data
防衛省,防衛省,,内部部局/地方協力局,労務管理課,,,,data
防衛省,防衛省,,内部部局/地方協力局,在日米軍協力課,,,,data
防衛省,防衛省,,内部部局/地方協力局,在日米軍協力課,,,移設整備計画第2係,data
防衛省,防衛省,,内部部局/地方協力局,在日米軍協力課,,提供施設整備班,整備計画第1係,data
防衛省,防衛省,,内部部局/地方協力局,在日米軍協力課,,総括班,,data
防衛省,防衛省,,内部部局/地方協力局,在日米軍協力課,,訓練協力班,,data
防衛省,防衛省,,内部部局/地方協力局,地域社会協力総括課,,一般防音班,,data
防衛省,防衛省,,内部部局/地方協力局,地域社会協力総括課,,交付金班,,data
防衛省,防衛省,,内部部局/地方協力局,地域社会協力総括課,,住宅防音班,,data
防衛省,防衛省,,内部部局/地方協力局,地域社会協力総括課,,施設対策班,,data
防衛省,防衛省,,内部部局/地方協力局,環境政策課,,エネルギー班,,data
防衛省,防衛省,,内部部局/地方協力局,環境政策課,提供・返還室,提供・緑化班,,data
防衛省,防衛省,,内部部局/地方協力局,環境政策課,用地取得室,用地取得班,賃借契約第2係,data
防衛省,防衛省,,内部部局/地方協力局,総務課,,予算班,,data
防衛省,防衛省,,内部部局/大臣官房,会計課,,予算総括班,経理係,data
防衛省,防衛省,,内部部局/大臣官房,会計課,,機関等予算班,機関等予算第3係,data
防衛省,防衛省,,内部部局/大臣官房,会計課,庁舎管理室,,,data
防衛省,防衛省,,内部部局/大臣官房,広報課,総括班,,,data
防衛省,防衛省,,内部部局/整備計画局,サイバー整備課,,,,data
防衛省,防衛省,,内部部局/整備計画局,施設計画課,施設政策室,施設政策班,,data
防衛省,防衛省,,内部部局/整備計画局,防衛計画課,,,,data
防衛省,防衛省,,内部部局/防衛政策局,インド太平洋地域参事官,,能力構築支援班,,data
防衛省,防衛省,,内部部局/防衛政策局,国際政策課,,,,data
防衛省,防衛省,,内部部局/防衛政策局,戦略企画参事官,,,,data
防衛省,防衛省,,内部部局/防衛政策局,戦略企画参事官,,AMDサブチーム,,data
防衛省,防衛省,,内部部局/防衛政策局,戦略企画参事官,,統合防空ミサイル防衛政策班,,data
防衛省,防衛省,,内部部局/防衛政策局,戦略企画参事官,宇宙・海洋政策室,,,data
防衛省,防衛省,,内部部局/防衛政策局,調査課,,,,data
防衛省,防衛省,,内部部局/防衛政策局,運用調整参事官,,,,data
防衛省,防衛省,統合幕僚監部,首席参事官,,,,,data
防衛省,防衛省,防衛装備庁,プロジェクト管理部,事業監理官(宇宙・地上装備担当),,,,data
防衛省,防衛省,防衛装備庁,プロジェクト管理部,事業監理官(次期戦闘機担当),,,,data
防衛省,防衛省,防衛装備庁,プロジェクト管理部,事業監理官(航空機担当),,,,data
防衛省,防衛省,防衛装備庁,プロジェクト管理部,事業監理官(艦船担当),,,,data
防衛省,防衛省,防衛装備庁,プロジェクト管理部,事業監理官(誘導武器・統合装備担当),,,,data
防衛省,防衛省,防衛装備庁,プロジェクト管理部,事業計画官,企画室,維持整備企画班,,data
防衛省,防衛省,防衛装備庁,プロジェクト管理部,装備技術官(海上担当),,海上技術班,,data
防衛省,防衛省,防衛装備庁,技術戦略部,技術振興官,,,,data
防衛省,防衛省,防衛装備庁,技術戦略部,技術計画官,技術評価室,,,data
防衛省,防衛省,防衛装備庁,装備政策部,国際装備課,,,,data
防衛省,防衛省,防衛装備庁,装備政策部,装備政策課,,制度企画班,,data
防衛省,防衛省,防衛装備庁,装備政策部,装備政策課,防衛生産基盤強化法室,,,data
防衛省,防衛省,防衛装備庁,装備政策部,装備政策課,防衛産業政策室,,,data
防衛省,防衛省,防衛装備庁,調達管理部,調達企画課,有償援助調達管理室,,,data
防衛省,防衛省,防衛装備庁,調達管理部,調達企画課,類別・標準化企画室,,,data
防衛省,防衛省,防衛装備庁,長官官房,人事官,人材育成センター,,,data
防衛省,防衛省,防衛装備庁,長官官房,総務官,情報システム管理室,,,data
防衛省,防衛省,防衛装備庁,長官官房,総務官,情報システム管理室,総括班,,data
会計検査院,会計検査院,,,,,,,supplement
会計検査院,会計検査院,事務総長官房,,,,,,supplement
会計検査院,会計検査院,第一局,,,,,,supplement
会計検査院,会計検査院,第二局,,,,,,supplement
会計検査院,会計検査院,第三局,,,,,,supplement
会計検査院,会計検査院,第四局,,,,,,supplement
会計検査院,会計検査院,第五局,,,,,,supplement
人事院,人事院,,,,,,,supplement
人事院,人事院,事務総長官房,,,,,,supplement
人事院,人事院,給与局,,,,,,supplement
人事院,人事院,職員福祉局,,,,,,supplement
人事院,人事院,公平審査局,,,,,,supplement
人事院,人事院,管理局,,,,,,supplement
内閣府,宮内庁,,,,,,,supplement
内閣府,宮内庁,長官官房,,,,,,supplement
内閣府,宮内庁,侍従職,,,,,,supplement
内閣府,宮内庁,東宮職,,,,,,supplement
内閣府,宮内庁,式部職,,,,,,supplement
内閣府,宮内庁,書陵部,,,,,,supplement
内閣府,宮内庁,管理部,,,,,,supplement
内閣府,国家公安委員会,,,,,,,supplement
経済産業省,資源エネルギー庁,,,,,,,supplement
経済産業省,資源エネルギー庁,長官官房,,,,,,supplement
経済産業省,資源エネルギー庁,資源・燃料部,,,,,,supplement
経済産業省,資源エネルギー庁,電力・ガス事業部,,,,,,supplement
経済産業省,資源エネルギー庁,省エネルギー・新エネルギー部,,,,,,supplement
経済産業省,資源エネルギー庁,電力基盤整備課,,,,,,supplement
経済産業省,中小企業庁,,,,,,,supplement
経済産業省,中小企業庁,長官官房,,,,,,supplement
経済産業省,中小企業庁,事業環境部,,,,,,supplement
経済産業省,中小企業庁,経営支援部,,,,,,supplement
経済産業省,中小企業庁,技術・経営革新課,,,,,,supplement
国土交通省,国土交通省国土地理院,,,,,,,supplement
国土交通省,国土交通省国土地理院,総務部,,,,,,supplement
国土交通省,国土交通省国土地理院,測地部,,,,,,supplement
国土交通省,国土交通省国土地理院,地理地殻活動研究センター,,,,,,supplement
法務省,公安審査委員会,,,,,,,supplement
農林水産省,農林水産技術会議,,,,,,,supplement
